enum	value_dec	value_hex	name	base
ACBaseQualitiesFlags	0	0x0	None	hex (mask attr)
ACBaseQualitiesFlags	1	0x1	PropertyInt	hex (mask attr)
ACBaseQualitiesFlags	2	0x2	PropertyBool	hex (mask attr)
ACBaseQualitiesFlags	4	0x4	PropertyFloat	hex (mask attr)
ACBaseQualitiesFlags	8	0x8	PropertyDataId	hex (mask attr)
ACBaseQualitiesFlags	16	0x10	PropertyString	hex (mask attr)
ACBaseQualitiesFlags	32	0x20	PropertyPosition	hex (mask attr)
ACBaseQualitiesFlags	64	0x40	PropertyInstanceId	hex (mask attr)
ACBaseQualitiesFlags	128	0x80	PropertyInt64	hex (mask attr)
ACQualitiesFlags	1	0x1	Attributes	hex (mask attr)
ACQualitiesFlags	2	0x2	Skills	hex (mask attr)
ACQualitiesFlags	4	0x4	Body	hex (mask attr)
ACQualitiesFlags	8	0x8	EventFilter	hex (mask attr)
ACQualitiesFlags	16	0x10	Emotes	hex (mask attr)
ACQualitiesFlags	32	0x20	CreationProfile	hex (mask attr)
ACQualitiesFlags	64	0x40	PageData	hex (mask attr)
ACQualitiesFlags	128	0x80	Generators	hex (mask attr)
ACQualitiesFlags	256	0x100	SpellBook	hex (mask attr)
ACQualitiesFlags	512	0x200	Enchantments	hex (mask attr)
ACQualitiesFlags	1024	0x400	GeneratorRegistry	hex (mask attr)
ACQualitiesFlags	2048	0x800	GeneratorQueue	hex (mask attr)
ActivationResponse	0	0x0	Undef	hex (power-of-two)
ActivationResponse	2	0x2	Use	hex (power-of-two)
ActivationResponse	4	0x4	Animate	hex (power-of-two)
ActivationResponse	16	0x10	Talk	hex (power-of-two)
ActivationResponse	2048	0x800	Emote	hex (power-of-two)
ActivationResponse	4096	0x1000	CastSpell	hex (power-of-two)
ActivationResponse	65536	0x10000	Generate	hex (power-of-two)
AetheriaBitfield	0	0x0	None	hex
AetheriaBitfield	1	0x1	Blue	hex
AetheriaBitfield	2	0x2	Yellow	hex
AetheriaBitfield	4	0x4	Red	hex
AllegianceHouseAction	1	0x1	Help	hex
AllegianceHouseAction	2	0x2	GuestOpen	hex
AllegianceHouseAction	3	0x3	GuestClosed	hex
AllegianceHouseAction	4	0x4	StorageOpen	hex
AllegianceHouseAction	5	0x5	StorageClosed	hex
AllegianceLockAction	1	0x1	LockedOff	hex
AllegianceLockAction	2	0x2	LockedOn	hex
AllegianceLockAction	3	0x3	ToggleLocked	hex
AllegianceLockAction	4	0x4	CheckLocked	hex
AllegianceLockAction	5	0x5	DisplayBypass	hex
AllegianceLockAction	6	0x6	ClearBypass	hex
AllegianceOfficerLevel	1	0x1	Speaker	hex
AllegianceOfficerLevel	2	0x2	Seneschal	hex
AllegianceOfficerLevel	3	0x3	Castellan	hex
AmmoType	0	0x0	ThrownWeapon	hex
AmmoType	1	0x1	Arrow	hex
AmmoType	2	0x2	Bolt	hex
AmmoType	4	0x4	Dart	hex
ArmorHighlightMask	1	0x1	ArmorLevel	hex (mask attr)
ArmorHighlightMask	2	0x2	SlashingProtection	hex (mask attr)
ArmorHighlightMask	4	0x4	PiercingProtection	hex (mask attr)
ArmorHighlightMask	8	0x8	BludgeoningProtection	hex (mask attr)
ArmorHighlightMask	16	0x10	ColdProtection	hex (mask attr)
ArmorHighlightMask	32	0x20	FireProtection	hex (mask attr)
ArmorHighlightMask	64	0x40	AcidProtection	hex (mask attr)
ArmorHighlightMask	128	0x80	ElectricalProtection	hex (mask attr)
ArmorType	0	0x0	None	dec (unverified)
ArmorType	1	0x1	Cloth	dec (unverified)
ArmorType	2	0x2	Leather	dec (unverified)
ArmorType	4	0x4	StuddedLeather	dec (unverified)
ArmorType	8	0x8	Scalemail	dec (unverified)
ArmorType	16	0x10	Chainmail	dec (unverified)
ArmorType	32	0x20	Metal	dec (unverified)
AttackConditionsMask	1	0x1	CriticalProtectionAugmentation	hex
AttackConditionsMask	2	0x2	Recklessness	hex
AttackConditionsMask	4	0x4	SneakAttack	hex
AttackHeight	1	0x1	High	hex
AttackHeight	2	0x2	Medium	hex
AttackHeight	3	0x3	Low	hex
AttackType	0	0x0	Undef	hex (power-of-two)
AttackType	1	0x1	Punch	hex (power-of-two)
AttackType	2	0x2	Thrust	hex (power-of-two)
AttackType	4	0x4	Slash	hex (power-of-two)
AttackType	8	0x8	Kick	hex (power-of-two)
AttackType	16	0x10	OffhandPunch	hex (power-of-two)
AttackType	32	0x20	DoubleSlash	hex (power-of-two)
AttackType	64	0x40	TripleSlash	hex (power-of-two)
AttackType	128	0x80	DoubleThrust	hex (power-of-two)
AttackType	256	0x100	TripleThrust	hex (power-of-two)
AttackType	512	0x200	OffhandThrust	hex (power-of-two)
AttackType	1024	0x400	OffhandSlash	hex (power-of-two)
AttackType	2048	0x800	OffhandDoubleSlash	hex (power-of-two)
AttackType	4096	0x1000	OffhandTripleSlash	hex (power-of-two)
AttackType	8192	0x2000	OffhandDoubleThrust	hex (power-of-two)
AttackType	16384	0x4000	OffhandTripleThrust	hex (power-of-two)
AttributeId	1	0x1	Strength	hex
AttributeId	2	0x2	Endurance	hex
AttributeId	3	0x3	Quickness	hex
AttributeId	4	0x4	Coordination	hex
AttributeId	5	0x5	Focus	hex
AttributeId	6	0x6	Self	hex
AttributeMask	1	0x1	Strength	hex (mask attr)
AttributeMask	2	0x2	Endurance	hex (mask attr)
AttributeMask	4	0x4	Quickness	hex (mask attr)
AttributeMask	8	0x8	Coordination	hex (mask attr)
AttributeMask	16	0x10	Focus	hex (mask attr)
AttributeMask	32	0x20	Self	hex (mask attr)
AttributeMask	64	0x40	Health	hex (mask attr)
AttributeMask	128	0x80	Stamina	hex (mask attr)
AttributeMask	256	0x100	Mana	hex (mask attr)
AttunedStatus	0	0x0	Normal	hex
AttunedStatus	1	0x1	Attuned	hex
AttunedStatus	2	0x2	Sticky	hex
AuthFlags	0	0x0	None	hex
AuthFlags	1	0x1	EnableCrypto	hex
AuthFlags	2	0x2	AdminAccountOverride	hex
AuthFlags	4	0x4	LastDefault	hex
BondedStatus	-2	0x-2	Destroy	hex
BondedStatus	-1	0x-1	Slippery	hex
BondedStatus	0	0x0	Normal	hex
BondedStatus	1	0x1	Bonded	hex
BondedStatus	2	0x2	Sticky	hex
C2SMessage	63059	0xF653	Login_LogOffCharacter	hex
C2SMessage	63061	0xF655	Character_CharacterDelete	hex
C2SMessage	63062	0xF656	Character_SendCharGenResult	hex
C2SMessage	63063	0xF657	Login_SendEnterWorld	hex
C2SMessage	63210	0xF6EA	Object_SendForceObjdesc	hex
C2SMessage	63409	0xF7B1	Ordered_GameAction	hex
C2SMessage	63432	0xF7C8	Login_SendEnterWorldRequest	hex
C2SMessage	63436	0xF7CC	Admin_SendAdminGetServerVersion	hex
C2SMessage	63437	0xF7CD	Social_SendFriendsCommand	hex
C2SMessage	63449	0xF7D9	Admin_SendAdminRestoreCharacter	hex
C2SMessage	63454	0xF7DE	Communication_TurbineChat	hex
C2SMessage	63459	0xF7E3	DDD_RequestDataMessage	hex
C2SMessage	63462	0xF7E6	DDD_InterrogationResponseMessage	hex
C2SMessage	63466	0xF7EA	DDD_OnEndDDD	hex
C2SMessage	63467	0xF7EB	DDD_EndDDDMessage	hex
Channel	0	0x0	Undef	hex
Channel	1	0x1	Abuse	hex
Channel	2	0x2	Admin	hex
Channel	4	0x4	Audit	hex
Channel	8	0x8	Advocate1	hex
Channel	16	0x10	Advocate2	hex
Channel	32	0x20	Advocate3	hex
Channel	64	0x40	QA1	hex
Channel	128	0x80	QA2	hex
Channel	256	0x100	Debug	hex
Channel	512	0x200	Sentinel	hex
Channel	1024	0x400	Help	hex
Channel	1025	0x401	AllBroadcast	hex
Channel	2048	0x800	Fellow	hex
Channel	4096	0x1000	Vassals	hex
Channel	8192	0x2000	Patron	hex
Channel	16384	0x4000	Monarch	hex
Channel	32768	0x8000	AlArqas	hex
Channel	65536	0x10000	Holtburg	hex
Channel	131072	0x20000	Lytelthorpe	hex
Channel	262144	0x40000	Nanto	hex
Channel	524288	0x80000	Rithwic	hex
Channel	1048576	0x100000	Samsur	hex
Channel	2097152	0x200000	Shoushi	hex
Channel	4194304	0x400000	Yanshi	hex
Channel	8388608	0x800000	Yaraq	hex
Channel	16744448	0xFF8000	TownChans	hex
Channel	16777216	0x1000000	CoVassals	hex
Channel	33554432	0x2000000	AllegianceBroadcast	hex
Channel	67108864	0x4000000	FellowBroadcast	hex
Channel	134217728	0x8000000	SocietyCelHanBroadcast	hex
Channel	268435456	0x10000000	SocietyEldWebBroadcast	hex
Channel	536870912	0x20000000	SocietyRadBloBroadcast	hex
Channel	1073741824	0x40000000	Olthoi	hex
Channel	2130737152	0x7F007800	GhostChans	hex
CharGenResponseType	1	0x1	OK	hex
CharGenResponseType	3	0x3	NameInUse	hex
CharGenResponseType	4	0x4	NameBanned	hex
CharGenResponseType	5	0x5	Corrupt	hex
CharGenResponseType	6	0x6	Corrupt_0x0006	hex
CharGenResponseType	7	0x7	AdminPrivilegeDenied	hex
CharacterErrorType	1	0x1	Logon	hex
CharacterErrorType	3	0x3	AccountLogin	hex
CharacterErrorType	4	0x4	ServerCrash	hex
CharacterErrorType	5	0x5	Logoff	hex
CharacterErrorType	6	0x6	Delete	hex
CharacterErrorType	8	0x8	ServerCrash2	hex
CharacterErrorType	9	0x9	AccountInvalid	hex
CharacterErrorType	10	0xA	AccountDoesntExist	hex
CharacterErrorType	11	0xB	EnterGameGeneric	hex
CharacterErrorType	12	0xC	EnterGameStressAccount	hex
CharacterErrorType	13	0xD	EnterGameCharacterInWorld	hex
CharacterErrorType	14	0xE	EnterGamePlayerAccountMissing	hex
CharacterErrorType	15	0xF	EnterGameCharacterNotOwned	hex
CharacterErrorType	16	0x10	EnterGameCharacterInWorldServer	hex
CharacterErrorType	17	0x11	EnterGameOldCharacter	hex
CharacterErrorType	18	0x12	EnterGameCorruptCharacter	hex
CharacterErrorType	19	0x13	EnterGameStartServerDown	hex
CharacterErrorType	20	0x14	EnterGameCouldntPlaceCharacter	hex
CharacterErrorType	21	0x15	LogonServerFull	hex
CharacterErrorType	23	0x17	EnterGameCharacterLocked	hex
CharacterErrorType	24	0x18	SubscriptionExpired	hex
CharacterOptions1	2	0x2	AutoRepeatAttack	hex (mask attr)
CharacterOptions1	4	0x4	IgnoreAllegianceRequests	hex (mask attr)
CharacterOptions1	8	0x8	IgnoreFellowshipRequests	hex (mask attr)
CharacterOptions1	16	0x10	NotUsed2	hex (mask attr)
CharacterOptions1	32	0x20	NotUsed3	hex (mask attr)
CharacterOptions1	64	0x40	AllowGive	hex (mask attr)
CharacterOptions1	128	0x80	ViewCombatTarget	hex (mask attr)
CharacterOptions1	256	0x100	ShowTooltips	hex (mask attr)
CharacterOptions1	512	0x200	UseDeception	hex (mask attr)
CharacterOptions1	1024	0x400	ToggleRun	hex (mask attr)
CharacterOptions1	2048	0x800	StayInChatMode	hex (mask attr)
CharacterOptions1	4096	0x1000	AdvancedCombatUI	hex (mask attr)
CharacterOptions1	8192	0x2000	AutoTarget	hex (mask attr)
CharacterOptions1	16384	0x4000	NotUsed4	hex (mask attr)
CharacterOptions1	32768	0x8000	VividTargetingIndicator	hex (mask attr)
CharacterOptions1	65536	0x10000	DisableMostWeatherEffects	hex (mask attr)
CharacterOptions1	131072	0x20000	IgnoreTradeRequests	hex (mask attr)
CharacterOptions1	262144	0x40000	FellowshipShareXP	hex (mask attr)
CharacterOptions1	524288	0x80000	AcceptLootPermits	hex (mask attr)
CharacterOptions1	1048576	0x100000	FellowshipShareLoot	hex (mask attr)
CharacterOptions1	2097152	0x200000	SideBySideVitals	hex (mask attr)
CharacterOptions1	4194304	0x400000	CoordinatesOnRadar	hex (mask attr)
CharacterOptions1	8388608	0x800000	SpellDuration	hex (mask attr)
CharacterOptions1	16777216	0x1000000	NotUsed5	hex (mask attr)
CharacterOptions1	33554432	0x2000000	DisableHouseRestrictionEffects	hex (mask attr)
CharacterOptions1	67108864	0x4000000	DragItemOnPlayerOpensSecureTrade	hex (mask attr)
CharacterOptions1	134217728	0x8000000	DisplayAllegianceLogonNotifications	hex (mask attr)
CharacterOptions1	268435456	0x10000000	UseChargeAttack	hex (mask attr)
CharacterOptions1	536870912	0x20000000	AutoAcceptFellowRequest	hex (mask attr)
CharacterOptions1	1073741824	0x40000000	HearAllegianceChat	hex (mask attr)
CharacterOptions1	2147483648	0x80000000	UseCraftSuccessDialog	hex (mask attr)
CharacterOptions2	1	0x1	PersistentAtDay	hex (mask attr)
CharacterOptions2	2	0x2	DisplayDateOfBirth	hex (mask attr)
CharacterOptions2	4	0x4	DisplayChessRank	hex (mask attr)
CharacterOptions2	8	0x8	DisplayFishingSkill	hex (mask attr)
CharacterOptions2	16	0x10	DisplayNumberDeaths	hex (mask attr)
CharacterOptions2	32	0x20	DisplayAge	hex (mask attr)
CharacterOptions2	64	0x40	TimeStamp	hex (mask attr)
CharacterOptions2	128	0x80	SalvageMultiple	hex (mask attr)
CharacterOptions2	256	0x100	HearGeneralChat	hex (mask attr)
CharacterOptions2	512	0x200	HearTradeChat	hex (mask attr)
CharacterOptions2	1024	0x400	HearLFGChat	hex (mask attr)
CharacterOptions2	2048	0x800	HearRoleplayChat	hex (mask attr)
CharacterOptions2	4096	0x1000	AppearOffline	hex (mask attr)
CharacterOptions2	8192	0x2000	DisplayNumberCharacterTitles	hex (mask attr)
CharacterOptions2	16384	0x4000	MainPackPreferred	hex (mask attr)
CharacterOptions2	32768	0x8000	LeadMissileTargets	hex (mask attr)
CharacterOptions2	65536	0x10000	UseFastMissiles	hex (mask attr)
CharacterOptions2	131072	0x20000	FilterLanguage	hex (mask attr)
CharacterOptions2	262144	0x40000	ConfirmVolatileRareUse	hex (mask attr)
CharacterOptions2	524288	0x80000	HearSocietyChat	hex (mask attr)
CharacterOptions2	1048576	0x100000	ShowHelm	hex (mask attr)
CharacterOptions2	2097152	0x200000	DisableDistanceFog	hex (mask attr)
CharacterOptions2	4194304	0x400000	UseMouseTurning	hex (mask attr)
CharacterOptions2	8388608	0x800000	ShowCloak	hex (mask attr)
CharacterOptions2	16777216	0x1000000	LockUI	hex (mask attr)
CharacterOptions2	33554432	0x2000000	HearPKDeath	hex (mask attr)
ChatDisplayMask	24	0x18	Tells	hex
ChatDisplayMask	4100	0x1004	AreaChat	hex
ChatDisplayMask	49922	0xC302	Mandatory	hex
ChatDisplayMask	131200	0x20080	Magic	hex
ChatDisplayMask	265216	0x40C00	Allegiance	hex
ChatDisplayMask	524288	0x80000	Fellowship	hex
ChatDisplayMask	6291520	0x600040	Combat	hex
ChatDisplayMask	59842593	0x3912021	Gameplay	hex
ChatDisplayMask	67108864	0x4000000	Errors	hex
ChatDisplayMask	268435456	0x10000000	TradeChannel	hex
ChatDisplayMask	536870912	0x20000000	LFGChannel	hex
ChatDisplayMask	1073741824	0x40000000	RoleplayChannel	hex
ChatFragmentType	0	0x0	Default	hex
ChatFragmentType	2	0x2	Speech	hex
ChatFragmentType	3	0x3	Tell	hex
ChatFragmentType	4	0x4	OutgoingTell	hex
ChatFragmentType	5	0x5	System	hex
ChatFragmentType	6	0x6	Combat	hex
ChatFragmentType	7	0x7	Magic	hex
ChatFragmentType	8	0x8	Channels	hex
ChatFragmentType	9	0x9	OutgoingChannel	hex
ChatFragmentType	10	0xA	Social	hex
ChatFragmentType	11	0xB	OutgoingSocial	hex
ChatFragmentType	12	0xC	Emote	hex
ChatFragmentType	13	0xD	Advancement	hex
ChatFragmentType	14	0xE	Abuse	hex
ChatFragmentType	15	0xF	Help	hex
ChatFragmentType	16	0x10	Appraisal	hex
ChatFragmentType	17	0x11	Spellcasting	hex
ChatFragmentType	18	0x12	Allegiance	hex
ChatFragmentType	19	0x13	Fellowship	hex
ChatFragmentType	20	0x14	WorldBroadcast	hex
ChatFragmentType	21	0x15	CombatEnemy	hex
ChatFragmentType	22	0x16	CombatSelf	hex
ChatFragmentType	23	0x17	Recall	hex
ChatFragmentType	24	0x18	Craft	hex
ChatFragmentType	25	0x19	Salvaging	hex
ChatFragmentType	31	0x1F	AdminTell	hex
ChatType	0	0x0	Undef	hex
ChatType	1	0x1	Allegiance	hex
ChatType	2	0x2	General	hex
ChatType	3	0x3	Trade	hex
ChatType	4	0x4	LFG	hex
ChatType	5	0x5	Roleplay	hex
ChatType	6	0x6	Society	hex
ChatType	7	0x7	SocietyCelHan	hex
ChatType	8	0x8	SocietyEldWeb	hex
ChatType	9	0x9	SocietyRadBlo	hex
ChatType	10	0xA	Olthoi	hex
ChessMoveResult	-272	0x-110	FailureCastlePieceMoved	hex (power-of-two)
ChessMoveResult	-265	0x-109	FailureCastleThroughCheck	hex (power-of-two)
ChessMoveResult	-264	0x-108	FailureCastleOutOfCheck	hex (power-of-two)
ChessMoveResult	-263	0x-107	FailurePathBlocked	hex (power-of-two)
ChessMoveResult	-262	0x-106	FailureCannotMoveIntoCheck	hex (power-of-two)
ChessMoveResult	-261	0x-105	FailureAttackingOwnPiece	hex (power-of-two)
ChessMoveResult	-260	0x-104	FailureMovedPieceOffBoard	hex (power-of-two)
ChessMoveResult	-259	0x-103	FailureMovingOpponentPiece	hex (power-of-two)
ChessMoveResult	-258	0x-102	FailureMovingEmptySquare	hex (power-of-two)
ChessMoveResult	-257	0x-101	FailureInvalidDistance	hex (power-of-two)
ChessMoveResult	-256	0x-100	FailureInvalidDirection	hex (power-of-two)
ChessMoveResult	-3	0x-3	FailureNotYourTurn	hex (power-of-two)
ChessMoveResult	0	0x0	FailureInvalidMove	hex (power-of-two)
ChessMoveResult	1	0x1	Success	hex (power-of-two)
ChessMoveResult	1024	0x400	OpponentInCheck	hex (power-of-two)
ChessMoveResult	2048	0x800	CheckMatedOpponent	hex (power-of-two)
CombatMode	1	0x1	NonCombat	hex
CombatMode	2	0x2	Melee	hex
CombatMode	4	0x4	Missle	hex
CombatMode	8	0x8	Magic	hex
CombatStyle	0	0x0	Undef	hex (mask attr)
CombatStyle	1	0x1	Unarmed	hex (mask attr)
CombatStyle	2	0x2	OneHanded	hex (mask attr)
CombatStyle	4	0x4	OneHandedAndShield	hex (mask attr)
CombatStyle	8	0x8	TwoHanded	hex (mask attr)
CombatStyle	16	0x10	Bow	hex (mask attr)
CombatStyle	32	0x20	Crossbow	hex (mask attr)
CombatStyle	64	0x40	Sling	hex (mask attr)
CombatStyle	128	0x80	ThrownWeapon	hex (mask attr)
CombatStyle	256	0x100	DualWield	hex (mask attr)
CombatStyle	512	0x200	Magic	hex (mask attr)
CombatStyle	1024	0x400	Atlatl	hex (mask attr)
CombatStyle	2048	0x800	ThrownShield	hex (mask attr)
CombatStyle	4096	0x1000	Reserved1	hex (mask attr)
CombatStyle	8192	0x2000	Reserved2	hex (mask attr)
CombatStyle	16384	0x4000	Reserved3	hex (mask attr)
CombatStyle	32768	0x8000	Reserved4	hex (mask attr)
CombatStyle	65536	0x10000	StubbornMagic	hex (mask attr)
CombatStyle	131072	0x20000	StubbornProjectile	hex (mask attr)
CombatStyle	262144	0x40000	StubbornMelee	hex (mask attr)
CombatStyle	524288	0x80000	StubbornMissile	hex (mask attr)
CombatUse	0	0x0	None	hex
CombatUse	1	0x1	Melee	hex
CombatUse	2	0x2	Missile	hex
CombatUse	3	0x3	Ammo	hex
CombatUse	4	0x4	Shield	hex
CombatUse	5	0x5	TwoHanded	hex
Command	0	0x0	Invalid	hex
Command	1	0x1	HoldRun	hex
Command	2	0x2	HoldSidestep	hex
Command	3	0x3	Ready	hex
Command	4	0x4	Stop	hex
Command	5	0x5	WalkForward	hex
Command	6	0x6	WalkBackwards	hex
Command	7	0x7	RunForward	hex
Command	8	0x8	Fallen	hex
Command	9	0x9	Interpolating	hex
Command	10	0xA	Hover	hex
Command	11	0xB	On	hex
Command	12	0xC	Off	hex
Command	13	0xD	TurnRight	hex
Command	14	0xE	TurnLeft	hex
Command	15	0xF	SideStepRight	hex
Command	16	0x10	SideStepLeft	hex
Command	17	0x11	Dead	hex
Command	18	0x12	Crouch	hex
Command	19	0x13	Sitting	hex
Command	20	0x14	Sleeping	hex
Command	21	0x15	Falling	hex
Command	22	0x16	Reload	hex
Command	23	0x17	Unload	hex
Command	24	0x18	Pickup	hex
Command	25	0x19	StoreInBackpack	hex
Command	26	0x1A	Eat	hex
Command	27	0x1B	Drink	hex
Command	28	0x1C	Reading	hex
Command	29	0x1D	JumpCharging	hex
Command	30	0x1E	AimLevel	hex
Command	31	0x1F	AimHigh15	hex
Command	32	0x20	AimHigh30	hex
Command	33	0x21	AimHigh45	hex
Command	34	0x22	AimHigh60	hex
Command	35	0x23	AimHigh75	hex
Command	36	0x24	AimHigh90	hex
Command	37	0x25	AimLow15	hex
Command	38	0x26	AimLow30	hex
Command	39	0x27	AimLow45	hex
Command	40	0x28	AimLow60	hex
Command	41	0x29	AimLow75	hex
Command	42	0x2A	AimLow90	hex
Command	43	0x2B	MagicBlast	hex
Command	44	0x2C	MagicSelfHead	hex
Command	45	0x2D	MagicSelfHeart	hex
Command	46	0x2E	MagicBonus	hex
Command	47	0x2F	MagicClap	hex
Command	48	0x30	MagicHarm	hex
Command	49	0x31	MagicHeal	hex
Command	50	0x32	MagicThrowMissile	hex
Command	51	0x33	MagicRecoilMissile	hex
Command	52	0x34	MagicPenalty	hex
Command	53	0x35	MagicTransfer	hex
Command	54	0x36	MagicVision	hex
Command	55	0x37	MagicEnchantItem	hex
Command	56	0x38	MagicPortal	hex
Command	57	0x39	MagicPray	hex
Command	58	0x3A	StopTurning	hex
Command	59	0x3B	Jump	hex
Command	60	0x3C	HandCombat	hex
Command	61	0x3D	NonCombat	hex
Command	62	0x3E	SwordCombat	hex
Command	63	0x3F	BowCombat	hex
Command	64	0x40	SwordShieldCombat	hex
Command	65	0x41	CrossbowCombat	hex
Command	66	0x42	UnusedCombat	hex
Command	67	0x43	SlingCombat	hex
Command	68	0x44	TwoHandedSwordCombat	hex
Command	69	0x45	TwoHandedStaffCombat	hex
Command	70	0x46	DualWieldCombat	hex
Command	71	0x47	ThrownWeaponCombat	hex
Command	72	0x48	Graze	hex
Command	73	0x49	Magi	hex
Command	74	0x4A	Hop	hex
Command	75	0x4B	Jumpup	hex
Command	76	0x4C	Cheer	hex
Command	77	0x4D	ChestBeat	hex
Command	78	0x4E	TippedLeft	hex
Command	79	0x4F	TippedRight	hex
Command	80	0x50	FallDown	hex
Command	81	0x51	Twitch1	hex
Command	82	0x52	Twitch2	hex
Command	83	0x53	Twitch3	hex
Command	84	0x54	Twitch4	hex
Command	85	0x55	StaggerBackward	hex
Command	86	0x56	StaggerForward	hex
Command	87	0x57	Sanctuary	hex
Command	88	0x58	ThrustMed	hex
Command	89	0x59	ThrustLow	hex
Command	90	0x5A	ThrustHigh	hex
Command	91	0x5B	SlashHigh	hex
Command	92	0x5C	SlashMed	hex
Command	93	0x5D	SlashLow	hex
Command	94	0x5E	BackhandHigh	hex
Command	95	0x5F	BackhandMed	hex
Command	96	0x60	BackhandLow	hex
Command	97	0x61	Shoot	hex
Command	98	0x62	AttackHigh1	hex
Command	99	0x63	AttackMed1	hex
Command	100	0x64	AttackLow1	hex
Command	101	0x65	AttackHigh2	hex
Command	102	0x66	AttackMed2	hex
Command	103	0x67	AttackLow2	hex
Command	104	0x68	AttackHigh3	hex
Command	105	0x69	AttackMed3	hex
Command	106	0x6A	AttackLow3	hex
Command	107	0x6B	HeadThrow	hex
Command	108	0x6C	FistSlam	hex
Command	109	0x6D	BreatheFlame_	hex
Command	110	0x6E	SpinAttack	hex
Command	111	0x6F	MagicPowerUp01	hex
Command	112	0x70	MagicPowerUp02	hex
Command	113	0x71	MagicPowerUp03	hex
Command	114	0x72	MagicPowerUp04	hex
Command	115	0x73	MagicPowerUp05	hex
Command	116	0x74	MagicPowerUp06	hex
Command	117	0x75	MagicPowerUp07	hex
Command	118	0x76	MagicPowerUp08	hex
Command	119	0x77	MagicPowerUp09	hex
Command	120	0x78	MagicPowerUp10	hex
Command	121	0x79	ShakeFist	hex
Command	122	0x7A	Beckon	hex
Command	123	0x7B	BeSeeingYou	hex
Command	124	0x7C	BlowKiss	hex
Command	125	0x7D	BowDeep	hex
Command	126	0x7E	ClapHands	hex
Command	127	0x7F	Cry	hex
Command	128	0x80	Laugh	hex
Command	129	0x81	MimeEat	hex
Command	130	0x82	MimeDrink	hex
Command	131	0x83	Nod	hex
Command	132	0x84	Point	hex
Command	133	0x85	ShakeHead	hex
Command	134	0x86	Shrug	hex
Command	135	0x87	Wave	hex
Command	136	0x88	Akimbo	hex
Command	137	0x89	HeartyLaugh	hex
Command	138	0x8A	Salute	hex
Command	139	0x8B	ScratchHead	hex
Command	140	0x8C	SmackHead	hex
Command	141	0x8D	TapFoot	hex
Command	142	0x8E	WaveHigh	hex
Command	143	0x8F	WaveLow	hex
Command	144	0x90	YawnStretch	hex
Command	145	0x91	Cringe	hex
Command	146	0x92	Kneel	hex
Command	147	0x93	Plead	hex
Command	148	0x94	Shiver	hex
Command	149	0x95	Shoo	hex
Command	150	0x96	Slouch	hex
Command	151	0x97	Spit	hex
Command	152	0x98	Surrender	hex
Command	153	0x99	Woah	hex
Command	154	0x9A	Winded	hex
Command	155	0x9B	YMCA	hex
Command	156	0x9C	EnterGame	hex
Command	157	0x9D	ExitGame	hex
Command	158	0x9E	OnCreation	hex
Command	159	0x9F	OnDestruction	hex
Command	160	0xA0	EnterPortal	hex
Command	161	0xA1	ExitPortal	hex
Command	162	0xA2	Cancel	hex
Command	163	0xA3	UseSelected	hex
Command	164	0xA4	AutosortSelected	hex
Command	165	0xA5	DropSelected	hex
Command	166	0xA6	GiveSelected	hex
Command	167	0xA7	SplitSelected	hex
Command	168	0xA8	ExamineSelected	hex
Command	169	0xA9	CreateShortcutToSelected	hex
Command	170	0xAA	PreviousCompassItem	hex
Command	171	0xAB	NextCompassItem	hex
Command	172	0xAC	ClosestCompassItem	hex
Command	173	0xAD	PreviousSelection	hex
Command	174	0xAE	LastAttacker	hex
Command	175	0xAF	PreviousFellow	hex
Command	176	0xB0	NextFellow	hex
Command	177	0xB1	ToggleCombat	hex
Command	178	0xB2	HighAttack	hex
Command	179	0xB3	MediumAttack	hex
Command	180	0xB4	LowAttack	hex
Command	181	0xB5	EnterChat	hex
Command	182	0xB6	ToggleChat	hex
Command	183	0xB7	SavePosition	hex
Command	184	0xB8	OptionsPanel	hex
Command	185	0xB9	ResetView	hex
Command	186	0xBA	CameraLeftRotate	hex
Command	187	0xBB	CameraRightRotate	hex
Command	188	0xBC	CameraRaise	hex
Command	189	0xBD	CameraLower	hex
Command	190	0xBE	CameraCloser	hex
Command	191	0xBF	CameraFarther	hex
Command	192	0xC0	FloorView	hex
Command	193	0xC1	MouseLook	hex
Command	194	0xC2	PreviousItem	hex
Command	195	0xC3	NextItem	hex
Command	196	0xC4	ClosestItem	hex
Command	197	0xC5	ShiftView	hex
Command	198	0xC6	MapView	hex
Command	199	0xC7	AutoRun	hex
Command	200	0xC8	DecreasePowerSetting	hex
Command	201	0xC9	IncreasePowerSetting	hex
Command	202	0xCA	Pray	hex
Command	203	0xCB	Mock	hex
Command	204	0xCC	Teapot	hex
Command	205	0xCD	SpecialAttack1	hex
Command	206	0xCE	SpecialAttack2	hex
Command	207	0xCF	SpecialAttack3	hex
Command	208	0xD0	MissileAttack1	hex
Command	209	0xD1	MissileAttack2	hex
Command	210	0xD2	MissileAttack3	hex
Command	211	0xD3	CastSpell	hex
Command	212	0xD4	Flatulence	hex
Command	213	0xD5	FirstPersonView	hex
Command	214	0xD6	AllegiancePanel	hex
Command	215	0xD7	FellowshipPanel	hex
Command	216	0xD8	SpellbookPanel	hex
Command	217	0xD9	SpellComponentsPanel	hex
Command	218	0xDA	HousePanel	hex
Command	219	0xDB	AttributesPanel	hex
Command	220	0xDC	SkillsPanel	hex
Command	221	0xDD	MapPanel	hex
Command	222	0xDE	InventoryPanel	hex
Command	223	0xDF	Demonet	hex
Command	224	0xE0	UseMagicStaff	hex
Command	225	0xE1	UseMagicWand	hex
Command	226	0xE2	Blink	hex
Command	227	0xE3	Bite	hex
Command	228	0xE4	TwitchSubstate1	hex
Command	229	0xE5	TwitchSubstate2	hex
Command	230	0xE6	TwitchSubstate3	hex
Command	231	0xE7	CaptureScreenshotToFile	hex
Command	232	0xE8	BowNoAmmo	hex
Command	233	0xE9	CrossBowNoAmmo	hex
Command	234	0xEA	ShakeFistState	hex
Command	235	0xEB	PrayState	hex
Command	236	0xEC	BowDeepState	hex
Command	237	0xED	ClapHandsState	hex
Command	238	0xEE	CrossArmsState	hex
Command	239	0xEF	ShiverState	hex
Command	240	0xF0	PointState	hex
Command	241	0xF1	WaveState	hex
Command	242	0xF2	AkimboState	hex
Command	243	0xF3	SaluteState	hex
Command	244	0xF4	ScratchHeadState	hex
Command	245	0xF5	TapFootState	hex
Command	246	0xF6	LeanState	hex
Command	247	0xF7	KneelState	hex
Command	248	0xF8	PleadState	hex
Command	249	0xF9	ATOYOT	hex
Command	250	0xFA	SlouchState	hex
Command	251	0xFB	SurrenderState	hex
Command	252	0xFC	WoahState	hex
Command	253	0xFD	WindedState	hex
Command	254	0xFE	AutoCreateShortcuts	hex
Command	255	0xFF	AutoRepeatAttacks	hex
Command	256	0x100	AutoTarget	hex
Command	257	0x101	AdvancedCombatInterface	hex
Command	258	0x102	IgnoreAllegianceRequests	hex
Command	259	0x103	IgnoreFellowshipRequests	hex
Command	260	0x104	InvertMouseLook	hex
Command	261	0x105	LetPlayersGiveYouItems	hex
Command	262	0x106	AutoTrackCombatTargets	hex
Command	263	0x107	DisplayTooltips	hex
Command	264	0x108	AttemptToDeceivePlayers	hex
Command	265	0x109	RunAsDefaultMovement	hex
Command	266	0x10A	StayInChatModeAfterSend	hex
Command	267	0x10B	RightClickToMouseLook	hex
Command	268	0x10C	VividTargetIndicator	hex
Command	269	0x10D	SelectSelf	hex
Command	270	0x10E	SkillHealSelf	hex
Command	271	0x10F	NextMonster	hex
Command	272	0x110	PreviousMonster	hex
Command	273	0x111	ClosestMonster	hex
Command	274	0x112	NextPlayer	hex
Command	275	0x113	PreviousPlayer	hex
Command	276	0x114	ClosestPlayer	hex
Command	277	0x115	SnowAngelState	hex
Command	278	0x116	WarmHands	hex
Command	279	0x117	CurtseyState	hex
Command	280	0x118	AFKState	hex
Command	281	0x119	MeditateState	hex
Command	282	0x11A	TradePanel	hex
Command	283	0x11B	LogOut	hex
Command	284	0x11C	DoubleSlashLow	hex
Command	285	0x11D	DoubleSlashMed	hex
Command	286	0x11E	DoubleSlashHigh	hex
Command	287	0x11F	TripleSlashLow	hex
Command	288	0x120	TripleSlashMed	hex
Command	289	0x121	TripleSlashHigh	hex
Command	290	0x122	DoubleThrustLow	hex
Command	291	0x123	DoubleThrustMed	hex
Command	292	0x124	DoubleThrustHigh	hex
Command	293	0x125	TripleThrustLow	hex
Command	294	0x126	TripleThrustMed	hex
Command	295	0x127	TripleThrustHigh	hex
Command	296	0x128	MagicPowerUp01Purple	hex
Command	297	0x129	MagicPowerUp02Purple	hex
Command	298	0x12A	MagicPowerUp03Purple	hex
Command	299	0x12B	MagicPowerUp04Purple	hex
Command	300	0x12C	MagicPowerUp05Purple	hex
Command	301	0x12D	MagicPowerUp06Purple	hex
Command	302	0x12E	MagicPowerUp07Purple	hex
Command	303	0x12F	MagicPowerUp08Purple	hex
Command	304	0x130	MagicPowerUp09Purple	hex
Command	305	0x131	MagicPowerUp10Purple	hex
Command	306	0x132	Helper	hex
Command	307	0x133	Pickup5	hex
Command	308	0x134	Pickup10	hex
Command	309	0x135	Pickup15	hex
Command	310	0x136	Pickup20	hex
Command	311	0x137	HouseRecall	hex
Command	312	0x138	AtlatlCombat	hex
Command	313	0x139	ThrownShieldCombat	hex
Command	314	0x13A	SitState	hex
Command	315	0x13B	SitCrossleggedState	hex
Command	316	0x13C	SitBackState	hex
Command	317	0x13D	PointLeftState	hex
Command	318	0x13E	PointRightState	hex
Command	319	0x13F	TalktotheHandState	hex
Command	320	0x140	PointDownState	hex
Command	321	0x141	DrudgeDanceState	hex
Command	322	0x142	PossumState	hex
Command	323	0x143	ReadState	hex
Command	324	0x144	ThinkerState	hex
Command	325	0x145	HaveASeatState	hex
Command	326	0x146	AtEaseState	hex
Command	327	0x147	NudgeLeft	hex
Command	328	0x148	NudgeRight	hex
Command	329	0x149	PointLeft	hex
Command	330	0x14A	PointRight	hex
Command	331	0x14B	PointDown	hex
Command	332	0x14C	Knock	hex
Command	333	0x14D	ScanHorizon	hex
Command	334	0x14E	DrudgeDance	hex
Command	335	0x14F	HaveASeat	hex
Command	336	0x150	LifestoneRecall	hex
Command	337	0x151	CharacterOptionsPanel	hex
Command	338	0x152	SoundAndGraphicsPanel	hex
Command	339	0x153	HelpfulSpellsPanel	hex
Command	340	0x154	HarmfulSpellsPanel	hex
Command	341	0x155	CharacterInformationPanel	hex
Command	342	0x156	LinkStatusPanel	hex
Command	343	0x157	VitaePanel	hex
Command	344	0x158	ShareFellowshipXP	hex
Command	345	0x159	ShareFellowshipLoot	hex
Command	346	0x15A	AcceptCorpseLooting	hex
Command	347	0x15B	IgnoreTradeRequests	hex
Command	348	0x15C	DisableWeather	hex
Command	349	0x15D	DisableHouseEffect	hex
Command	350	0x15E	SideBySideVitals	hex
Command	351	0x15F	ShowRadarCoordinates	hex
Command	352	0x160	ShowSpellDurations	hex
Command	353	0x161	MuteOnLosingFocus	hex
Command	354	0x162	Fishing	hex
Command	355	0x163	MarketplaceRecall	hex
Command	356	0x164	EnterPKLite	hex
Command	357	0x165	AllegianceChat	hex
Command	358	0x166	AutomaticallyAcceptFellowshipRequests	hex
Command	359	0x167	Reply	hex
Command	360	0x168	MonarchReply	hex
Command	361	0x169	PatronReply	hex
Command	362	0x16A	ToggleCraftingChanceOfSuccessDialog	hex
Command	363	0x16B	UseClosestUnopenedCorpse	hex
Command	364	0x16C	UseNextUnopenedCorpse	hex
Command	365	0x16D	IssueSlashCommand	hex
Command	366	0x16E	AllegianceHometownRecall	hex
Command	367	0x16F	PKArenaRecall	hex
Command	368	0x170	OffhandSlashHigh	hex
Command	369	0x171	OffhandSlashMed	hex
Command	370	0x172	OffhandSlashLow	hex
Command	371	0x173	OffhandThrustHigh	hex
Command	372	0x174	OffhandThrustMed	hex
Command	373	0x175	OffhandThrustLow	hex
Command	374	0x176	OffhandDoubleSlashLow	hex
Command	375	0x177	OffhandDoubleSlashMed	hex
Command	376	0x178	OffhandDoubleSlashHigh	hex
Command	377	0x179	OffhandTripleSlashLow	hex
Command	378	0x17A	OffhandTripleSlashMed	hex
Command	379	0x17B	OffhandTripleSlashHigh	hex
Command	380	0x17C	OffhandDoubleThrustLow	hex
Command	381	0x17D	OffhandDoubleThrustMed	hex
Command	382	0x17E	OffhandDoubleThrustHigh	hex
Command	383	0x17F	OffhandTripleThrustLow	hex
Command	384	0x180	OffhandTripleThrustMed	hex
Command	385	0x181	OffhandTripleThrustHigh	hex
Command	386	0x182	OffhandKick	hex
Command	387	0x183	AttackHigh4	hex
Command	388	0x184	AttackMed4	hex
Command	389	0x185	AttackLow4	hex
Command	390	0x186	AttackHigh5	hex
Command	391	0x187	AttackMed5	hex
Command	392	0x188	AttackLow5	hex
Command	393	0x189	AttackHigh6	hex
Command	394	0x18A	AttackMed6	hex
Command	395	0x18B	AttackLow6	hex
Command	396	0x18C	PunchFastHigh	hex
Command	397	0x18D	PunchFastMed	hex
Command	398	0x18E	PunchFastLow	hex
Command	399	0x18F	PunchSlowHigh	hex
Command	400	0x190	PunchSlowMed	hex
Command	401	0x191	PunchSlowLow	hex
Command	402	0x192	OffhandPunchFastHigh	hex
Command	403	0x193	OffhandPunchFastMed	hex
Command	404	0x194	OffhandPunchFastLow	hex
Command	405	0x195	OffhandPunchSlowHigh	hex
Command	406	0x196	OffhandPunchSlowMed	hex
Command	407	0x197	OffhandPunchSlowLow	hex
CompressionType	0	0x0	None	hex
CompressionType	1	0x1	ZLib	hex
ConfirmationType	1	0x1	SwearAllegiance	hex
ConfirmationType	2	0x2	AlterSkill	hex
ConfirmationType	3	0x3	AlterAttribute	hex
ConfirmationType	4	0x4	Fellowship	hex
ConfirmationType	5	0x5	Craft	hex
ConfirmationType	6	0x6	Augmentation	hex
ConfirmationType	7	0x7	YesNo	hex
ContainerProperties	0	0x0	None	hex
ContainerProperties	1	0x1	Container	hex
ContainerProperties	2	0x2	Foci	hex
ContractId	0	0x0	Undef	dec
ContractId	1	0x1	Contract_1_The_Shadows_of_Bitter_Winter	dec
ContractId	2	0x2	Contract_2_Test_Quest_Stamping	dec
ContractId	3	0x3	Contract_3_Test_Contract_3	dec
ContractId	4	0x4	Contract_4_Test_Contract_4	dec
ContractId	5	0x5	Contract_5_Reign_of_Terror	dec
ContractId	6	0x6	Contract_6_Glenden_Wood_Invasion_Low	dec
ContractId	7	0x7	Contract_7_Glenden_Wood_Invasion_Mid	dec
ContractId	8	0x8	Contract_8_Glenden_Wood_Invasion_High	dec
ContractId	9	0x9	Contract_9_Frozen_Fury	dec
ContractId	10	0xA	Contract_10_Defense_of_Zaikhal_Copper	dec
ContractId	11	0xB	Contract_11_Defense_of_Zaikhal_Silver	dec
ContractId	12	0xC	Contract_12_Defense_of_Zaikhal_Gold	dec
ContractId	13	0xD	Contract_13_Defense_of_Zaikhal_Platinum	dec
ContractId	14	0xE	Contract_14_The_Caliginous_Bethel	dec
ContractId	15	0xF	Contract_15_The_Legend_of_the_Tusker_Paw	dec
ContractId	16	0x10	Contract_16_Oswalds_Lair	dec
ContractId	17	0x11	Contract_17_The_Decrepit_Tower	dec
ContractId	18	0x12	Contract_18_Banderling_Haunt	dec
ContractId	19	0x13	Contract_19_Reconnaissance	dec
ContractId	20	0x14	Contract_20_Assault_Low	dec
ContractId	21	0x15	Contract_21_Assault_Mid	dec
ContractId	22	0x16	Contract_22_Assault_High	dec
ContractId	23	0x17	Contract_23_Assault_Expert	dec
ContractId	24	0x18	Contract_24_Infiltration	dec
ContractId	25	0x19	Contract_25_Of_Trust_and_Betrayal	dec
ContractId	26	0x1A	Contract_26_Ishaqs_Lost_Key	dec
ContractId	27	0x1B	Contract_27_The_Shadows_of_Bitter_Winter	dec
ContractId	28	0x1C	Contract_28_Suzuhara_Baijins_Delivery	dec
ContractId	29	0x1D	Contract_29_Haleatan_Beach_Camps	dec
ContractId	30	0x1E	Contract_30_Ricardos_Blood_Gem	dec
ContractId	31	0x1F	Contract_31_Sawato_Extortion	dec
ContractId	32	0x20	Contract_32_First_Contact	dec
ContractId	33	0x21	Contract_33_Crafting_Forges_Low	dec
ContractId	34	0x22	Contract_34_Crafting_Forges_Mid	dec
ContractId	35	0x23	Contract_35_Crafting_Forges_High	dec
ContractId	36	0x24	Contract_36_Northern_Shroud_Cabal	dec
ContractId	37	0x25	Contract_37_Southern_Shroud_Cabal	dec
ContractId	38	0x26	Contract_38_Faces_of_the_Mukkir_Low	dec
ContractId	39	0x27	Contract_39_Faces_of_the_Mukkir_Mid	dec
ContractId	40	0x28	Contract_40_Faces_of_the_Mukkir_High	dec
ContractId	41	0x29	Contract_41_Faces_of_the_Mukkir_Expert	dec
ContractId	42	0x2A	Contract_42_Fiun_Healing_Machine	dec
ContractId	43	0x2B	Contract_43_Hamuds_Demise	dec
ContractId	44	0x2C	Contract_44_Raising_Graels_Island	dec
ContractId	45	0x2D	Contract_45_Enricos_Betrayal	dec
ContractId	46	0x2E	Contract_46_Lost_Pet	dec
ContractId	47	0x2F	Contract_47_His_Masters_Voice	dec
ContractId	48	0x30	Contract_48_Tentacles_of_Tthuun	dec
ContractId	49	0x31	Contract_49_Reign_of_Terror	dec
ContractId	50	0x32	Contract_50_The_Crystal_Staff_of_the_Anekshay	dec
ContractId	51	0x33	Contract_51_The_Crystal_Sword_of_the_Anekshay	dec
ContractId	52	0x34	Contract_52_The_Crystal_Amulet_of_the_Anekshay	dec
ContractId	53	0x35	Contract_53_The_Crystal_Idol_of_the_Anekshay	dec
ContractId	54	0x36	Contract_54_Armoredillo_Hunting__Lost_City_of_Neftet	dec
ContractId	55	0x37	Contract_55_Golem_Hunting__Lost_City_of_Neftet	dec
ContractId	56	0x38	Contract_56_Mu_miyah_Hunting__Lost_City_of_Neftet	dec
ContractId	57	0x39	Contract_57_Reedshark_Hunting__Lost_City_of_Neftet	dec
ContractId	58	0x3A	Contract_58_Anekshay_Bracer_Collecting__Lost_City_of_Neftet	dec
ContractId	59	0x3B	Contract_59_Stone_Tablet_Collecting__Lost_City_of_Neftet	dec
ContractId	60	0x3C	Contract_60_Prickly_Pear_Collecting__Lost_City_of_Neftet	dec
ContractId	61	0x3D	Contract_61_Contracts__Brokers	dec
ContractId	62	0x3E	Contract_62_Aug__Sir_Bellas	dec
ContractId	63	0x3F	Contract_63_Aug__Society	dec
ContractId	64	0x40	Contract_64_Aug__Diemos	dec
ContractId	65	0x41	Contract_65_Aug__Luminance	dec
ContractId	66	0x42	Contract_66_Colosseum	dec
ContractId	67	0x43	Contract_67_Aerbaxs_Defeat	dec
ContractId	68	0x44	Contract_68_Summoning_Tthuun	dec
ContractId	69	0x45	Contract_69_Empyrean_Rescue	dec
ContractId	70	0x46	Contract_70_Uncovering_the_Renegades	dec
ContractId	71	0x47	Contract_71_Tumerok_Salted_Meat	dec
ContractId	72	0x48	Contract_72_Deewains_Dark_Cavern	dec
ContractId	73	0x49	Contract_73_Sealing_Away_the_Book_of_Eibhil	dec
ContractId	74	0x4A	Contract_74_Soc__Dark_Isle_Delivery	dec
ContractId	75	0x4B	Contract_75_Soc__Vaeshok	dec
ContractId	76	0x4C	Contract_76_Soc__Shambling_Archivist	dec
ContractId	77	0x4D	Contract_77_Soc__Undead_Jaw_Collection	dec
ContractId	78	0x4E	Contract_78_Soc__Wight_Blade_Sorcerers	dec
ContractId	79	0x4F	Contract_79_Soc__Black_Coral_Collection	dec
ContractId	80	0x50	Contract_80_Soc__Dark_Isle_Scouting	dec
ContractId	81	0x51	Contract_81_Soc__Bandit_Mana_Hunter_Boss	dec
ContractId	82	0x52	Contract_82_Soc__Mana_Infused_Jungle_Flowers	dec
ContractId	83	0x53	Contract_83_Soc__Jungle_Lilies	dec
ContractId	84	0x54	Contract_84_Soc__Moar_Glands	dec
ContractId	85	0x55	Contract_85_Soc__Blessed_Moarsmen	dec
ContractId	86	0x56	Contract_86_Soc__Phyntos_Hive_Splinters	dec
ContractId	87	0x57	Contract_87_Soc__Phyntos_Honey	dec
ContractId	88	0x58	Contract_88_Soc__Phyntos_Queen	dec
ContractId	89	0x59	Contract_89_Soc__Phyntos_Larvae	dec
ContractId	90	0x5A	Contract_90_Soc__Killer_Phyntos_Wasps	dec
ContractId	91	0x5B	Contract_91_Soc__Coral_Towers	dec
ContractId	92	0x5C	Contract_92_Soc__Magshuth_Moarsmen	dec
ContractId	93	0x5D	Contract_93_Soc__Moarsman_High_Priest	dec
ContractId	94	0x5E	Contract_94_Soc__Artifact_Collection	dec
ContractId	95	0x5F	Contract_95_Soc__Moguth_Moarsmen	dec
ContractId	96	0x60	Contract_96_Soc__Shoguth_Moarsmen	dec
ContractId	97	0x61	Contract_97_Soc__Spawning_Pools	dec
ContractId	98	0x62	Contract_98_Soc__Graveyard_Delivery	dec
ContractId	99	0x63	Contract_99_Soc__Stone_Tracings	dec
ContractId	100	0x64	Contract_100_Soc__Falatacot_Reports	dec
ContractId	101	0x65	Contract_101_Soc__Dark_Isle_Delivery	dec
ContractId	102	0x66	Contract_102_Soc__Vaeshok	dec
ContractId	103	0x67	Contract_103_Soc__Shambling_Archivist	dec
ContractId	104	0x68	Contract_104_Soc__Undead_Jaw_Collection	dec
ContractId	105	0x69	Contract_105_Soc__Wight_Blade_Sorcerers	dec
ContractId	106	0x6A	Contract_106_Soc__Black_Coral_Collection	dec
ContractId	107	0x6B	Contract_107_Soc__Dark_Isle_Scouting	dec
ContractId	108	0x6C	Contract_108_Soc__Bandit_Mana_Hunter_Boss	dec
ContractId	109	0x6D	Contract_109_Soc__Mana_Infused_Jungle_Flowers	dec
ContractId	110	0x6E	Contract_110_Soc__Jungle_Lilies	dec
ContractId	111	0x6F	Contract_111_Soc__Moar_Glands	dec
ContractId	112	0x70	Contract_112_Soc__Blessed_Moarsmen	dec
ContractId	113	0x71	Contract_113_Soc__Phyntos_Hive_Splinters	dec
ContractId	114	0x72	Contract_114_Soc__Phyntos_Honey	dec
ContractId	115	0x73	Contract_115_Soc__Phyntos_Queen	dec
ContractId	116	0x74	Contract_116_Soc__Phyntos_Larvae	dec
ContractId	117	0x75	Contract_117_Soc__Killer_Phyntos_Wasps	dec
ContractId	118	0x76	Contract_118_Soc__Coral_Towers	dec
ContractId	119	0x77	Contract_119_Soc__Magshuth_Moarsmen	dec
ContractId	120	0x78	Contract_120_Soc__Moarsman_High_Priest	dec
ContractId	121	0x79	Contract_121_Soc__Artifact_Collection	dec
ContractId	122	0x7A	Contract_122_Soc__Moguth_Moarsmen	dec
ContractId	123	0x7B	Contract_123_Soc__Shoguth_Moarsmen	dec
ContractId	124	0x7C	Contract_124_Soc__Spawning_Pools	dec
ContractId	125	0x7D	Contract_125_Soc__Graveyard_Delivery	dec
ContractId	126	0x7E	Contract_126_Soc__Stone_Tracings	dec
ContractId	127	0x7F	Contract_127_Soc__Falatacot_Reports	dec
ContractId	128	0x80	Contract_128_Soc__Dark_Isle_Delivery	dec
ContractId	129	0x81	Contract_129_Soc__Vaeshok	dec
ContractId	130	0x82	Contract_130_Soc__Shambling_Archivist	dec
ContractId	131	0x83	Contract_131_Soc__Undead_Jaw_Collection	dec
ContractId	132	0x84	Contract_132_Soc__Wight_Blade_Sorcerers	dec
ContractId	133	0x85	Contract_133_Soc__Black_Coral_Collection	dec
ContractId	134	0x86	Contract_134_Soc__Dark_Isle_Scouting	dec
ContractId	135	0x87	Contract_135_Soc__Bandit_Mana_Hunter_Boss	dec
ContractId	136	0x88	Contract_136_Soc__Mana_Infused_Jungle_Flowers	dec
ContractId	137	0x89	Contract_137_Soc__Jungle_Lilies	dec
ContractId	138	0x8A	Contract_138_Soc__Moar_Glands	dec
ContractId	139	0x8B	Contract_139_Soc__Blessed_Moarsmen	dec
ContractId	140	0x8C	Contract_140_Soc__Phyntos_Hive_Splinters	dec
ContractId	141	0x8D	Contract_141_Soc__Phyntos_Honey	dec
ContractId	142	0x8E	Contract_142_Soc__Phyntos_Queen	dec
ContractId	143	0x8F	Contract_143_Soc__Phyntos_Larvae	dec
ContractId	144	0x90	Contract_144_Soc__Killer_Phyntos_Wasps	dec
ContractId	145	0x91	Contract_145_Soc__Coral_Towers	dec
ContractId	146	0x92	Contract_146_Soc__Magshuth_Moarsmen	dec
ContractId	147	0x93	Contract_147_Soc__Moarsman_High_Priest	dec
ContractId	148	0x94	Contract_148_Soc__Artifact_Collection	dec
ContractId	149	0x95	Contract_149_Soc__Moguth_Moarsmen	dec
ContractId	150	0x96	Contract_150_Soc__Shoguth_Moarsmen	dec
ContractId	151	0x97	Contract_151_Soc__Spawning_Pools	dec
ContractId	152	0x98	Contract_152_Soc__Graveyard_Delivery	dec
ContractId	153	0x99	Contract_153_Soc__Stone_Tracings	dec
ContractId	154	0x9A	Contract_154_Soc__Falatacot_Reports	dec
ContractId	155	0x9B	Contract_155_Soc__Palm_Fort	dec
ContractId	156	0x9C	Contract_156_Soc__Supply_Saboteur	dec
ContractId	157	0x9D	Contract_157_Soc__Forgotten_Tunnels_of_Nyrleha	dec
ContractId	158	0x9E	Contract_158_Soc__Palm_Fort	dec
ContractId	159	0x9F	Contract_159_Soc__Supply_Saboteur	dec
ContractId	160	0xA0	Contract_160_Soc__Forgotten_Tunnels_of_Nyrleha	dec
ContractId	161	0xA1	Contract_161_Soc__Palm_Fort	dec
ContractId	162	0xA2	Contract_162_Soc__Supply_Saboteur	dec
ContractId	163	0xA3	Contract_163_Soc__Forgotten_Tunnels_of_Nyrleha	dec
ContractId	164	0xA4	Contract_164_Kill__Tenebrous_Rifts	dec
ContractId	165	0xA5	Contract_165_Kill__Umbral_Rifts	dec
ContractId	166	0xA6	Contract_166_Harlunes_Diplomacy	dec
ContractId	167	0xA7	Contract_167_Saving_Asheron	dec
ContractId	168	0xA8	Contract_168_Menhir_Research	dec
ContractId	169	0xA9	Contract_169_Gear_Knight_Excavation	dec
ContractId	170	0xAA	Contract_170_Nexus_Crawl	dec
ContractId	171	0xAB	Contract_171_Jester_Released	dec
ContractId	172	0xAC	Contract_172_Vision_Quest	dec
ContractId	173	0xAD	Contract_173_Aerbaxs_Prodigal_Monouga	dec
ContractId	174	0xAE	Contract_174_QotM__Weekly_1	dec
ContractId	175	0xAF	Contract_175_QotM__Weekly_2	dec
ContractId	176	0xB0	Contract_176_QotM__Weekly_3	dec
ContractId	177	0xB1	Contract_177_Deaths_Allure	dec
ContractId	178	0xB2	Contract_178_Yanshi_Tunnels	dec
ContractId	179	0xB3	Contract_179_Kill__Gurog_Minions	dec
ContractId	180	0xB4	Contract_180_Kill__Gurog_Soldiers	dec
ContractId	181	0xB5	Contract_181_Kill__Gurog_Henchmen	dec
ContractId	182	0xB6	Contract_182_Aerbaxs_Prodigal_Tusker	dec
ContractId	183	0xB7	Contract_183_Find_the_Barkeeper	dec
ContractId	184	0xB8	Contract_184_Find_the_Barkeeper	dec
ContractId	185	0xB9	Contract_185_Find_the_Barkeeper	dec
ContractId	186	0xBA	Contract_186_Find_the_Barkeeper	dec
ContractId	187	0xBB	Contract_187_Find_the_Pathwarden	dec
ContractId	188	0xBC	Contract_188_Find_the_Pathwarden	dec
ContractId	189	0xBD	Contract_189_Find_the_Pathwarden	dec
ContractId	190	0xBE	Contract_190_Find_the_Pathwarden	dec
ContractId	191	0xBF	Contract_191_Drudge_Hideout	dec
ContractId	192	0xC0	Contract_192_Holtburg_Redoubt	dec
ContractId	193	0xC1	Contract_193_The_Beacon	dec
ContractId	194	0xC2	Contract_194_The_Missing_Necklace	dec
ContractId	195	0xC3	Contract_195_Braid_Mansion_Ruin	dec
ContractId	196	0xC4	Contract_196_Nen_Ais_Pet_Drudge	dec
ContractId	197	0xC5	Contract_197_Sea_Temple_Catacombs	dec
ContractId	198	0xC6	Contract_198_Under_Cove_Crypt	dec
ContractId	199	0xC7	Contract_199_Facility_Hub	dec
ContractId	200	0xC8	Contract_200_Jailbreak__Ardent_Leader	dec
ContractId	201	0xC9	Contract_201_Jailbreak__Blessed_Leader	dec
ContractId	202	0xCA	Contract_202_Jailbreak__Verdant_Leader	dec
ContractId	203	0xCB	Contract_203_Jailbreak__General_Population	dec
ContractId	204	0xCC	Contract_204_Gurog_Creation	dec
ContractId	205	0xCD	Contract_205_Wardley_and_the_Wights	dec
ContractId	206	0xCE	Contract_206_Aetherium_Ore_Collection	dec
ContractId	207	0xCF	Contract_207_Aetherium_Power_Core_Collection	dec
ContractId	208	0xD0	Contract_208_Aetherium_Raid_High	dec
ContractId	209	0xD1	Contract_209_Soc__Mana_Siphon_Destruction	dec
ContractId	210	0xD2	Contract_210_Kill__Gear_Knight_Knights	dec
ContractId	211	0xD3	Contract_211_Kill__Gear_Knight_Commander	dec
ContractId	212	0xD4	Contract_212_Nalicanas_Test	dec
ContractId	213	0xD5	Contract_213_Bloodstone_Investigation	dec
ContractId	214	0xD6	Contract_214_Chasing_Oswald	dec
ContractId	215	0xD7	Contract_215_Hunting_Aun_Ralirea	dec
ContractId	216	0xD8	Contract_216_Aerbaxs_Prodigal_Monouga	dec
ContractId	217	0xD9	Contract_217_Aerbaxs_Prodigal_Drudge	dec
ContractId	218	0xDA	Contract_218_Aerbaxs_Prodigal_Human	dec
ContractId	219	0xDB	Contract_219_Kidnapped_Handmaiden	dec
ContractId	220	0xDC	Contract_220_Sepulcher_of_Nightmares	dec
ContractId	221	0xDD	Contract_221_Mhoire_Castle	dec
ContractId	222	0xDE	Contract_222_Bobos_Medicine	dec
ContractId	223	0xDF	Contract_223_Mhoire_Oubliette	dec
ContractId	224	0xE0	Contract_224_Geraines_Study	dec
ContractId	225	0xE1	Contract_225_Geraines_Hosts	dec
ContractId	226	0xE2	Contract_226_Splitting_Grael_High	dec
ContractId	227	0xE3	Contract_227_Splitting_Grael_Mid	dec
ContractId	228	0xE4	Contract_228_Splitting_Grael_Low	dec
ContractId	229	0xE5	Contract_229_Clutch_of_Kings__Reeshan	dec
ContractId	230	0xE6	Contract_230_Clutch_of_Kings__Kiree	dec
ContractId	231	0xE7	Contract_231_Clutch_of_Kings__Broodu	dec
ContractId	232	0xE8	Contract_232_Clutch_of_Kings__Keerik	dec
ContractId	233	0xE9	Contract_233_Clutch_of_Kings__Rehir	dec
ContractId	234	0xEA	Contract_234_Clutch_of_Kings__Browerk	dec
ContractId	235	0xEB	Contract_235_Clutch_of_Kings__All	dec
ContractId	236	0xEC	Contract_236_Kill__Spectral_Archers	dec
ContractId	237	0xED	Contract_237_Kill__Spectral_Minions	dec
ContractId	238	0xEE	Contract_238_Kill__Spectral_Nanjou_Shou_jen	dec
ContractId	239	0xEF	Contract_239_Kill__Spectral_Mages	dec
ContractId	240	0xF0	Contract_240_Kill__Spectral_Bushi	dec
ContractId	241	0xF1	Contract_241_Kill__Spectral_Samurai	dec
ContractId	242	0xF2	Contract_242_Kill__Spectral_Blades_and_Claws	dec
ContractId	243	0xF3	Contract_243_Kill__Spectral_Samurai_Golems	dec
ContractId	244	0xF4	Contract_244_Hoshino_Fortress	dec
ContractId	245	0xF5	Contract_245_Stipend__General	dec
ContractId	246	0xF6	Contract_246_Stipend__Celestial_Hand	dec
ContractId	247	0xF7	Contract_247_Stipend__Radiant_Blood	dec
ContractId	248	0xF8	Contract_248_Stipend__Eldrytch_Web	dec
ContractId	249	0xF9	Contract_249_Jester_Focuses	dec
ContractId	250	0xFA	Contract_250_Unleash_the_Gearknights	dec
ContractId	251	0xFB	Contract_251_Virindi_Rescue	dec
ContractId	252	0xFC	Contract_252_Ninja_Academy	dec
ContractId	253	0xFD	Contract_253_Tanada_Slaughter	dec
ContractId	254	0xFE	Contract_254_Tanada_Intercept	dec
ContractId	255	0xFF	Contract_255_Crystalline_Adventurer	dec
ContractId	256	0x100	Contract_256_Crystalline_Markers	dec
ContractId	257	0x101	Contract_257_Crystalline_Killer	dec
ContractId	258	0x102	Contract_258_Crystalline_Bound_Wisp	dec
ContractId	259	0x103	Contract_259_Nanjou_Stockade	dec
ContractId	260	0x104	Contract_260_Mage_Academy	dec
ContractId	261	0x105	Contract_261_Apostate_Finale	dec
ContractId	262	0x106	Contract_262_Lunnums_Return	dec
ContractId	263	0x107	Contract_263_Lunnums_Pyre	dec
ContractId	264	0x108	Contract_264_Lunnums_Disappearance	dec
ContractId	265	0x109	Contract_265_Lost_Lore	dec
ContractId	266	0x10A	Contract_266_Sisters_of_Light	dec
ContractId	267	0x10B	Contract_267_First_Sister	dec
ContractId	268	0x10C	Contract_268_Second_Sister	dec
ContractId	269	0x10D	Contract_269_Third_Sister	dec
ContractId	270	0x10E	Contract_270_Ritual_Investigation	dec
ContractId	271	0x10F	Contract_271_Ritual_Disruption	dec
ContractId	272	0x110	Contract_272_Defeat_Hoshino_Kei	dec
ContractId	273	0x111	Contract_273_Protecting_Picketed_Pets	dec
ContractId	274	0x112	Contract_274_Buried_Alive	dec
ContractId	275	0x113	Contract_275_Graverobber	dec
ContractId	276	0x114	Contract_276_Escape	dec
ContractId	277	0x115	Contract_277_Deconstruction	dec
ContractId	278	0x116	Contract_278_Uziz_Abductions	dec
ContractId	279	0x117	Contract_279_Golem_Hunters__Mud_Golem_Sludge_Lord	dec
ContractId	280	0x118	Contract_280_Golem_Hunters__Copper_Golem_Kingpin	dec
ContractId	281	0x119	Contract_281_Golem_Hunters__Glacial_Golem_Margrave	dec
ContractId	282	0x11A	Contract_282_Golem_Hunters__Magma_Golem_Exarch	dec
ContractId	283	0x11B	Contract_283_Golem_Hunters__Coral_Golem_Viceroy	dec
ContractId	284	0x11C	Contract_284_Golem_Hunters__Platinum_Golem_Mountain_King	dec
ContractId	285	0x11D	Contract_285_Olthoi_Hive_Queen	dec
ContractId	286	0x11E	Contract_286_Soc__Mana_Siphon_Destruction	dec
ContractId	287	0x11F	Contract_287_Soc__Mana_Siphon_Destruction	dec
ContractId	288	0x120	Contract_288_Soc__Destroy_The_Phalanx	dec
ContractId	289	0x121	Contract_289_Soc__Destroy_The_Phalanx	dec
ContractId	290	0x122	Contract_290_Soc__Destroy_The_Phalanx	dec
ContractId	291	0x123	Contract_291_Soc__Collect_Gear_Knight_Parts	dec
ContractId	292	0x124	Contract_292_Soc__Collect_Gear_Knight_Parts	dec
ContractId	293	0x125	Contract_293_Soc__Collect_Gear_Knight_Parts	dec
ContractId	294	0x126	Contract_294_Kill__Gear_Knight_Squires	dec
ContractId	295	0x127	Contract_295_Behind_The_Mask	dec
ContractId	296	0x128	Contract_296_Frozen_Fortress_Laboratory	dec
ContractId	297	0x129	Contract_297_Frozen_Fortress_Testing_Grounds	dec
ContractId	298	0x12A	Contract_298_Olthoi_Hive_Warrior_Pincer	dec
ContractId	299	0x12B	Contract_299_Olthoi_Hive_Eviscerator_Pincer	dec
ContractId	300	0x12C	Contract_300_Snow_Tusker_Leader_Tusk	dec
ContractId	301	0x12D	Contract_301_Journey_To_Madness	dec
ContractId	302	0x12E	Contract_302_Visitors	dec
ContractId	303	0x12F	Contract_303_Kill__Rynthid_Minions	dec
ContractId	304	0x130	Contract_304_Kill__Empowered_Wisps	dec
ContractId	305	0x131	Contract_305_Kill__Rynthid_Rare_Boss	dec
ContractId	306	0x132	Contract_306_Kill__Rynthid_Slayers	dec
ContractId	307	0x133	Contract_307_Kill__Rynthid_Ragers	dec
ContractId	308	0x134	Contract_308_Kill__Rynthid_Sorcerers	dec
ContractId	309	0x135	Contract_309_Kill__Rynthid_Rifts	dec
ContractId	310	0x136	Contract_310_Legendary_Quests	dec
ContractId	311	0x137	Contract_311_Rynthid_Genesis	dec
ContractId	312	0x138	Contract_312_Changing_Gears	dec
ContractId	313	0x139	Contract_313_Fear_Factory	dec
ContractId	314	0x13A	Contract_314_Spirited_Halls	dec
ContractId	315	0x13B	Contract_315_End_of_Days	dec
ContractId	316	0x13C	Contract_316_Lugian_Assault	dec
ContractId	317	0x13D	Contract_317_Rynthid_Training	dec
ContractId	318	0x13E	Contract_318_Kill__Tou_Tou_Shadow_Flyers	dec
ContractId	319	0x13F	Contract_319_Kill__Tou_Tou_Grievver_Shredders	dec
ContractId	320	0x140	Contract_320_Kill__Tou_Tou_Devourer_Marguls	dec
ContractId	321	0x141	Contract_321_Kill__Tou_Tou_Shadows	dec
ContractId	322	0x142	Contract_322_Kill__Tou_Tou_Void_Lords	dec
ContractStage	1	0x1	New	hex
ContractStage	2	0x2	InProgress	hex
ContractStage	3	0x3	DoneOrPendingRepeat	hex
CoverageMask	2	0x2	UpperLegsUnderwear	hex (mask attr)
CoverageMask	4	0x4	LowerLegsUnderwear	hex (mask attr)
CoverageMask	8	0x8	ChestUnderwear	hex (mask attr)
CoverageMask	16	0x10	AbdomenUnderwear	hex (mask attr)
CoverageMask	32	0x20	UpperArmsUnderwear	hex (mask attr)
CoverageMask	64	0x40	LowerArmsUnderwear	hex (mask attr)
CoverageMask	256	0x100	UpperLegs	hex (mask attr)
CoverageMask	512	0x200	LowerLegs	hex (mask attr)
CoverageMask	1024	0x400	Chest	hex (mask attr)
CoverageMask	2048	0x800	Abdomen	hex (mask attr)
CoverageMask	4096	0x1000	UpperArms	hex (mask attr)
CoverageMask	8192	0x2000	LowerArms	hex (mask attr)
CoverageMask	16384	0x4000	Head	hex (mask attr)
CoverageMask	32768	0x8000	Hands	hex (mask attr)
CoverageMask	65536	0x10000	Feet	hex (mask attr)
CreatureType	1	0x1	Olthoi	dec
CreatureType	2	0x2	Banderling	dec
CreatureType	3	0x3	Drudge	dec
CreatureType	4	0x4	Mosswart	dec
CreatureType	5	0x5	Lugian	dec
CreatureType	6	0x6	Tumerok	dec
CreatureType	7	0x7	Mite	dec
CreatureType	8	0x8	Tusker	dec
CreatureType	9	0x9	PhyntosWasp	dec
CreatureType	10	0xA	Rat	dec
CreatureType	11	0xB	Auroch	dec
CreatureType	12	0xC	Cow	dec
CreatureType	13	0xD	Golem	dec
CreatureType	14	0xE	Undead	dec
CreatureType	15	0xF	Gromnie	dec
CreatureType	16	0x10	Reedshark	dec
CreatureType	17	0x11	Armoredillo	dec
CreatureType	18	0x12	Fae	dec
CreatureType	19	0x13	Virindi	dec
CreatureType	20	0x14	Wisp	dec
CreatureType	21	0x15	Knathtead	dec
CreatureType	22	0x16	Shadow	dec
CreatureType	23	0x17	Mattekar	dec
CreatureType	24	0x18	Mumiyah	dec
CreatureType	25	0x19	Rabbit	dec
CreatureType	26	0x1A	Sclavus	dec
CreatureType	27	0x1B	ShallowsShark	dec
CreatureType	28	0x1C	Monouga	dec
CreatureType	29	0x1D	Zefir	dec
CreatureType	30	0x1E	Skeleton	dec
CreatureType	31	0x1F	Human	dec
CreatureType	32	0x20	Shreth	dec
CreatureType	33	0x21	Chittick	dec
CreatureType	34	0x22	Moarsman	dec
CreatureType	35	0x23	OlthoiLarvae	dec
CreatureType	36	0x24	Slithis	dec
CreatureType	37	0x25	Deru	dec
CreatureType	38	0x26	FireElemental	dec
CreatureType	39	0x27	Snowman	dec
CreatureType	40	0x28	Unknown	dec
CreatureType	41	0x29	Bunny	dec
CreatureType	42	0x2A	LightningElemental	dec
CreatureType	43	0x2B	Rockslide	dec
CreatureType	44	0x2C	Grievver	dec
CreatureType	45	0x2D	Niffis	dec
CreatureType	46	0x2E	Ursuin	dec
CreatureType	47	0x2F	Crystal	dec
CreatureType	48	0x30	HollowMinion	dec
CreatureType	49	0x31	Scarecrow	dec
CreatureType	50	0x32	Idol	dec
CreatureType	51	0x33	Empyrean	dec
CreatureType	52	0x34	Hopeslayer	dec
CreatureType	53	0x35	Doll	dec
CreatureType	54	0x36	Marionette	dec
CreatureType	55	0x37	Carenzi	dec
CreatureType	56	0x38	Siraluun	dec
CreatureType	57	0x39	AunTumerok	dec
CreatureType	58	0x3A	HeaTumerok	dec
CreatureType	59	0x3B	Simulacrum	dec
CreatureType	60	0x3C	AcidElemental	dec
CreatureType	61	0x3D	FrostElemental	dec
CreatureType	62	0x3E	Elemental	dec
CreatureType	63	0x3F	Statue	dec
CreatureType	64	0x40	Wall	dec
CreatureType	65	0x41	AlteredHuman	dec
CreatureType	66	0x42	Device	dec
CreatureType	67	0x43	Harbinger	dec
CreatureType	68	0x44	DarkSarcophagus	dec
CreatureType	69	0x45	Chicken	dec
CreatureType	70	0x46	GotrokLugian	dec
CreatureType	71	0x47	Margul	dec
CreatureType	72	0x48	BleachedRabbit	dec
CreatureType	73	0x49	NastyRabbit	dec
CreatureType	74	0x4A	GrimacingRabbit	dec
CreatureType	75	0x4B	Burun	dec
CreatureType	76	0x4C	Target	dec
CreatureType	77	0x4D	Ghost	dec
CreatureType	78	0x4E	Fiun	dec
CreatureType	79	0x4F	Eater	dec
CreatureType	80	0x50	Penguin	dec
CreatureType	81	0x51	Ruschk	dec
CreatureType	82	0x52	Thrungus	dec
CreatureType	83	0x53	ViamontianKnight	dec
CreatureType	84	0x54	Remoran	dec
CreatureType	85	0x55	Swarm	dec
CreatureType	86	0x56	Moar	dec
CreatureType	87	0x57	EnchantedArms	dec
CreatureType	88	0x58	Sleech	dec
CreatureType	89	0x59	Mukkir	dec
CreatureType	90	0x5A	Merwart	dec
CreatureType	91	0x5B	Food	dec
CreatureType	92	0x5C	ParadoxOlthoi	dec
CreatureType	93	0x5D	Harvest	dec
CreatureType	94	0x5E	Energy	dec
CreatureType	95	0x5F	Apparition	dec
CreatureType	96	0x60	Aerbax	dec
CreatureType	97	0x61	Touched	dec
CreatureType	98	0x62	BlightedMoarsman	dec
CreatureType	99	0x63	GearKnight	dec
CreatureType	100	0x64	Gurog	dec
CreatureType	101	0x65	Anekshay	dec
CurVitalId	2	0x2	CurrentHealth	hex
CurVitalId	4	0x4	CurrentStamina	hex
CurVitalId	6	0x6	CurrentMana	hex
DamageLocation	0	0x0	Head	hex
DamageLocation	1	0x1	Chest	hex
DamageLocation	2	0x2	Abdomen	hex
DamageLocation	3	0x3	UpperArm	hex
DamageLocation	4	0x4	LowerArm	hex
DamageLocation	5	0x5	Hand	hex
DamageLocation	6	0x6	UpperLeg	hex
DamageLocation	7	0x7	LowerLeg	hex
DamageLocation	8	0x8	Foot	hex
DamageType	1	0x1	Slashing	hex (mask attr)
DamageType	2	0x2	Piercing	hex (mask attr)
DamageType	4	0x4	Bludgeoning	hex (mask attr)
DamageType	8	0x8	Cold	hex (mask attr)
DamageType	16	0x10	Fire	hex (mask attr)
DamageType	32	0x20	Acid	hex (mask attr)
DamageType	64	0x40	Electric	hex (mask attr)
DatFileType	1	0x1	client_portal	hex
DatFileType	2	0x2	client_cell_1	hex
DatFileType	3	0x3	client_local_English	hex
EmoteCategory	0	0x0	Invalid_EmoteCategory	hex
EmoteCategory	1	0x1	Refuse_EmoteCategory	hex
EmoteCategory	2	0x2	Vendor_EmoteCategory	hex
EmoteCategory	3	0x3	Death_EmoteCategory	hex
EmoteCategory	4	0x4	Portal_EmoteCategory	hex
EmoteCategory	5	0x5	HeartBeat_EmoteCategory	hex
EmoteCategory	6	0x6	Give_EmoteCategory	hex
EmoteCategory	7	0x7	Use_EmoteCategory	hex
EmoteCategory	8	0x8	Activation_EmoteCategory	hex
EmoteCategory	9	0x9	Generation_EmoteCategory	hex
EmoteCategory	10	0xA	PickUp_EmoteCategory	hex
EmoteCategory	11	0xB	Drop_EmoteCategory	hex
EmoteCategory	12	0xC	QuestSuccess_EmoteCategory	hex
EmoteCategory	13	0xD	QuestFailure_EmoteCategory	hex
EmoteCategory	14	0xE	Taunt_EmoteCategory	hex
EmoteCategory	15	0xF	WoundedTaunt_EmoteCategory	hex
EmoteCategory	16	0x10	KillTaunt_EmoteCategory	hex
EmoteCategory	17	0x11	NewEnemy_EmoteCategory	hex
EmoteCategory	18	0x12	Scream_EmoteCategory	hex
EmoteCategory	19	0x13	Homesick_EmoteCategory	hex
EmoteCategory	20	0x14	ReceiveCritical_EmoteCategory	hex
EmoteCategory	21	0x15	ResistSpell_EmoteCategory	hex
EmoteCategory	22	0x16	TestSuccess_EmoteCategory	hex
EmoteCategory	23	0x17	TestFailure_EmoteCategory	hex
EmoteCategory	24	0x18	HearChat_EmoteCategory	hex
EmoteCategory	25	0x19	Wield_EmoteCategory	hex
EmoteCategory	26	0x1A	UnWield_EmoteCategory	hex
EmoteCategory	27	0x1B	EventSuccess_EmoteCategory	hex
EmoteCategory	28	0x1C	EventFailure_EmoteCategory	hex
EmoteCategory	29	0x1D	TestNoQuality_EmoteCategory	hex
EmoteCategory	30	0x1E	QuestNoFellow_EmoteCategory	hex
EmoteCategory	31	0x1F	TestNoFellow_EmoteCategory	hex
EmoteCategory	32	0x20	GotoSet_EmoteCategory	hex
EmoteCategory	33	0x21	NumFellowsSuccess_EmoteCategory	hex
EmoteCategory	34	0x22	NumFellowsFailure_EmoteCategory	hex
EmoteCategory	35	0x23	NumCharacterTitlesSuccess_EmoteCategory	hex
EmoteCategory	36	0x24	NumCharacterTitlesFailure_EmoteCategory	hex
EmoteCategory	37	0x25	ReceiveLocalSignal_EmoteCategory	hex
EmoteCategory	38	0x26	ReceiveTalkDirect_EmoteCategory	hex
EmoteType	0	0x0	Invalid_EmoteType	hex
EmoteType	0	0x0	Invalid_VendorEmoteType	hex
EmoteType	1	0x1	Act_EmoteType	hex
EmoteType	2	0x2	AwardXP_EmoteType	hex
EmoteType	3	0x3	Give_EmoteType	hex
EmoteType	4	0x4	MoveHome_EmoteType	hex
EmoteType	5	0x5	Motion_EmoteType	hex
EmoteType	6	0x6	Move_EmoteType	hex
EmoteType	7	0x7	PhysScript_EmoteType	hex
EmoteType	8	0x8	Say_EmoteType	hex
EmoteType	9	0x9	Sound_EmoteType	hex
EmoteType	10	0xA	Tell_EmoteType	hex
EmoteType	11	0xB	Turn_EmoteType	hex
EmoteType	12	0xC	TurnToTarget_EmoteType	hex
EmoteType	13	0xD	TextDirect_EmoteType	hex
EmoteType	14	0xE	CastSpell_EmoteType	hex
EmoteType	15	0xF	Activate_EmoteType	hex
EmoteType	16	0x10	WorldBroadcast_EmoteType	hex
EmoteType	17	0x11	LocalBroadcast_EmoteType	hex
EmoteType	18	0x12	DirectBroadcast_EmoteType	hex
EmoteType	19	0x13	CastSpellInstant_EmoteType	hex
EmoteType	20	0x14	UpdateQuest_EmoteType	hex
EmoteType	21	0x15	InqQuest_EmoteType	hex
EmoteType	22	0x16	StampQuest_EmoteType	hex
EmoteType	23	0x17	StartEvent_EmoteType	hex
EmoteType	24	0x18	StopEvent_EmoteType	hex
EmoteType	25	0x19	BLog_EmoteType	hex
EmoteType	26	0x1A	AdminSpam_EmoteType	hex
EmoteType	27	0x1B	TeachSpell_EmoteType	hex
EmoteType	28	0x1C	AwardSkillXP_EmoteType	hex
EmoteType	29	0x1D	AwardSkillPoints_EmoteType	hex
EmoteType	30	0x1E	InqQuestSolves_EmoteType	hex
EmoteType	31	0x1F	EraseQuest_EmoteType	hex
EmoteType	32	0x20	DecrementQuest_EmoteType	hex
EmoteType	33	0x21	IncrementQuest_EmoteType	hex
EmoteType	34	0x22	AddCharacterTitle_EmoteType	hex
EmoteType	35	0x23	InqBoolStat_EmoteType	hex
EmoteType	36	0x24	InqIntStat_EmoteType	hex
EmoteType	37	0x25	InqFloatStat_EmoteType	hex
EmoteType	38	0x26	InqStringStat_EmoteType	hex
EmoteType	39	0x27	InqAttributeStat_EmoteType	hex
EmoteType	40	0x28	InqRawAttributeStat_EmoteType	hex
EmoteType	41	0x29	InqSecondaryAttributeStat_EmoteType	hex
EmoteType	42	0x2A	InqRawSecondaryAttributeStat_EmoteType	hex
EmoteType	43	0x2B	InqSkillStat_EmoteType	hex
EmoteType	44	0x2C	InqRawSkillStat_EmoteType	hex
EmoteType	45	0x2D	InqSkillTrained_EmoteType	hex
EmoteType	46	0x2E	InqSkillSpecialized_EmoteType	hex
EmoteType	47	0x2F	AwardTrainingCredits_EmoteType	hex
EmoteType	48	0x30	InflictVitaePenalty_EmoteType	hex
EmoteType	49	0x31	AwardLevelProportionalXP_EmoteType	hex
EmoteType	50	0x32	AwardLevelProportionalSkillXP_EmoteType	hex
EmoteType	51	0x33	InqEvent_EmoteType	hex
EmoteType	52	0x34	ForceMotion_EmoteType	hex
EmoteType	53	0x35	SetIntStat_EmoteType	hex
EmoteType	54	0x36	IncrementIntStat_EmoteType	hex
EmoteType	55	0x37	DecrementIntStat_EmoteType	hex
EmoteType	56	0x38	CreateTreasure_EmoteType	hex
EmoteType	57	0x39	ResetHomePosition_EmoteType	hex
EmoteType	58	0x3A	InqFellowQuest_EmoteType	hex
EmoteType	59	0x3B	InqFellowNum_EmoteType	hex
EmoteType	60	0x3C	UpdateFellowQuest_EmoteType	hex
EmoteType	61	0x3D	StampFellowQuest_EmoteType	hex
EmoteType	62	0x3E	AwardNoShareXP_EmoteType	hex
EmoteType	63	0x3F	SetSanctuaryPosition_EmoteType	hex
EmoteType	64	0x40	TellFellow_EmoteType	hex
EmoteType	65	0x41	FellowBroadcast_EmoteType	hex
EmoteType	66	0x42	LockFellow_EmoteType	hex
EmoteType	67	0x43	Goto_EmoteType	hex
EmoteType	68	0x44	PopUp_EmoteType	hex
EmoteType	69	0x45	SetBoolStat_EmoteType	hex
EmoteType	70	0x46	SetQuestCompletions_EmoteType	hex
EmoteType	71	0x47	InqNumCharacterTitles_EmoteType	hex
EmoteType	72	0x48	Generate_EmoteType	hex
EmoteType	73	0x49	PetCastSpellOnOwner_EmoteType	hex
EmoteType	74	0x4A	TakeItems_EmoteType	hex
EmoteType	75	0x4B	InqYesNo_EmoteType	hex
EmoteType	76	0x4C	InqOwnsItems_EmoteType	hex
EmoteType	77	0x4D	DeleteSelf_EmoteType	hex
EmoteType	78	0x4E	KillSelf_EmoteType	hex
EmoteType	79	0x4F	UpdateMyQuest_EmoteType	hex
EmoteType	80	0x50	InqMyQuest_EmoteType	hex
EmoteType	81	0x51	StampMyQuest_EmoteType	hex
EmoteType	82	0x52	InqMyQuestSolves_EmoteType	hex
EmoteType	83	0x53	EraseMyQuest_EmoteType	hex
EmoteType	84	0x54	DecrementMyQuest_EmoteType	hex
EmoteType	85	0x55	IncrementMyQuest_EmoteType	hex
EmoteType	86	0x56	SetMyQuestCompletions_EmoteType	hex
EmoteType	87	0x57	MoveToPos_EmoteType	hex
EmoteType	88	0x58	LocalSignal_EmoteType	hex
EmoteType	89	0x59	InqPackSpace_EmoteType	hex
EmoteType	90	0x5A	RemoveVitaePenalty_EmoteType	hex
EmoteType	91	0x5B	SetEyeTexture_EmoteType	hex
EmoteType	92	0x5C	SetEyePalette_EmoteType	hex
EmoteType	93	0x5D	SetNoseTexture_EmoteType	hex
EmoteType	94	0x5E	SetNosePalette_EmoteType	hex
EmoteType	95	0x5F	SetMouthTexture_EmoteType	hex
EmoteType	96	0x60	SetMouthPalette_EmoteType	hex
EmoteType	97	0x61	SetHeadObject_EmoteType	hex
EmoteType	98	0x62	SetHeadPalette_EmoteType	hex
EmoteType	99	0x63	TeleportTarget_EmoteType	hex
EmoteType	100	0x64	TeleportSelf_EmoteType	hex
EmoteType	101	0x65	StartBarber_EmoteType	hex
EmoteType	102	0x66	InqQuestBitsOn_EmoteType	hex
EmoteType	103	0x67	InqQuestBitsOff_EmoteType	hex
EmoteType	104	0x68	InqMyQuestBitsOn_EmoteType	hex
EmoteType	105	0x69	InqMyQuestBitsOff_EmoteType	hex
EmoteType	106	0x6A	SetQuestBitsOn_EmoteType	hex
EmoteType	107	0x6B	SetQuestBitsOff_EmoteType	hex
EmoteType	108	0x6C	SetMyQuestBitsOn_EmoteType	hex
EmoteType	109	0x6D	SetMyQuestBitsOff_EmoteType	hex
EmoteType	110	0x6E	UntrainSkill_EmoteType	hex
EmoteType	111	0x6F	SetAltRacialSkills_EmoteType	hex
EmoteType	112	0x70	SpendLuminance_EmoteType	hex
EmoteType	113	0x71	AwardLuminance_EmoteType	hex
EmoteType	114	0x72	InqInt64Stat_EmoteType	hex
EmoteType	115	0x73	SetInt64Stat_EmoteType	hex
EmoteType	116	0x74	OpenMe_EmoteType	hex
EmoteType	117	0x75	CloseMe_EmoteType	hex
EmoteType	118	0x76	SetFloatStat_EmoteType	hex
EmoteType	119	0x77	AddContract_EmoteType	hex
EmoteType	120	0x78	RemoveContract_EmoteType	hex
EmoteType	121	0x79	InqContractsFull_EmoteType	hex
EnchantmentMask	3912021	0x3BB155	Multiplicative	dec (unverified)
EnchantmentMask	3912021	0x3BB155	Additive	dec (unverified)
EnchantmentMask	3912021	0x3BB155	Vitae	dec (unverified)
EnchantmentMask	3912021	0x3BB155	Cooldown	dec (unverified)
EnchantmentRegistryFlags	1	0x1	LifeSpells	hex
EnchantmentRegistryFlags	2	0x2	CreatureSpells	hex
EnchantmentRegistryFlags	4	0x4	Vitae	hex
EnchantmentRegistryFlags	8	0x8	Cooldowns	hex
EnchantmentTypeFlags	0	0x0	Undef	hex
EnchantmentTypeFlags	1	0x1	Attribute	hex
EnchantmentTypeFlags	2	0x2	SecondAtt	hex
EnchantmentTypeFlags	4	0x4	Int	hex
EnchantmentTypeFlags	8	0x8	Float	hex
EnchantmentTypeFlags	16	0x10	Skill	hex
EnchantmentTypeFlags	32	0x20	BodyDamageValue	hex
EnchantmentTypeFlags	64	0x40	BodyDamageVariance	hex
EnchantmentTypeFlags	128	0x80	BodyArmorValue	hex
EnchantmentTypeFlags	255	0xFF	StatTypes	hex
EnchantmentTypeFlags	4096	0x1000	SingleStat	hex
EnchantmentTypeFlags	8192	0x2000	MultipleStat	hex
EnchantmentTypeFlags	16384	0x4000	Multiplicative	hex
EnchantmentTypeFlags	32768	0x8000	Additive	hex
EnchantmentTypeFlags	65536	0x10000	AttackSkills	hex
EnchantmentTypeFlags	131072	0x20000	DefenseSkills	hex
EnchantmentTypeFlags	1048576	0x100000	MultiplicativeDegrade	hex
EnchantmentTypeFlags	2097152	0x200000	Additive_Degrade	hex
EnchantmentTypeFlags	8388608	0x800000	Vitae	hex
EnchantmentTypeFlags	16777216	0x1000000	Cooldown	hex
EnchantmentTypeFlags	33554432	0x2000000	Beneficial	hex
EndTradeReason	0	0x0	Normal	dec (unverified)
EndTradeReason	2	0x2	EnteredCombat	dec (unverified)
EndTradeReason	51	0x33	Cancelled	dec (unverified)
EnvrionChangeType	0	0x0	Clear	hex
EnvrionChangeType	1	0x1	RedFog	hex
EnvrionChangeType	2	0x2	BlueFog	hex
EnvrionChangeType	3	0x3	WhiteFog	hex
EnvrionChangeType	4	0x4	GreenFog	hex
EnvrionChangeType	5	0x5	BlackFog	hex
EnvrionChangeType	6	0x6	BlackFog2	hex
EnvrionChangeType	101	0x65	RoarSound	hex
EnvrionChangeType	102	0x66	BellSound	hex
EnvrionChangeType	103	0x67	Chant1Sound	hex
EnvrionChangeType	104	0x68	Chant2Sound	hex
EnvrionChangeType	105	0x69	DarkWhispers1Sound	hex
EnvrionChangeType	106	0x6A	DarkWhispers2Sound	hex
EnvrionChangeType	107	0x6B	DarkLaughSound	hex
EnvrionChangeType	108	0x6C	DarkWindSound	hex
EnvrionChangeType	109	0x6D	DarkSpeechSound	hex
EnvrionChangeType	110	0x6E	DrumsSound	hex
EnvrionChangeType	111	0x6F	GhostSpeakSound	hex
EnvrionChangeType	112	0x70	BreathingSound	hex
EnvrionChangeType	113	0x71	HowlSound	hex
EnvrionChangeType	114	0x72	LostSoulsSound	hex
EnvrionChangeType	117	0x75	SquealSound	hex
EnvrionChangeType	118	0x76	Thunder1Sound	hex
EnvrionChangeType	119	0x77	Thunder2Sound	hex
EnvrionChangeType	120	0x78	Thunder3Sound	hex
EnvrionChangeType	121	0x79	Thunder4Sound	hex
EnvrionChangeType	122	0x7A	Thunder5Sound	hex
EnvrionChangeType	123	0x7B	Thunder6Sound	hex
EquipMask	1	0x1	Head	hex (mask attr)
EquipMask	2	0x2	ChestUnderwear	hex (mask attr)
EquipMask	4	0x4	AbdomenUnderwear	hex (mask attr)
EquipMask	8	0x8	UpperArmsUnderwear	hex (mask attr)
EquipMask	16	0x10	LowerArmsUnderwear	hex (mask attr)
EquipMask	32	0x20	Hands	hex (mask attr)
EquipMask	64	0x40	UpperLegsUnderwear	hex (mask attr)
EquipMask	128	0x80	LowerLegsUnderwear	hex (mask attr)
EquipMask	256	0x100	Feet	hex (mask attr)
EquipMask	512	0x200	Chest	hex (mask attr)
EquipMask	1024	0x400	Abdomen	hex (mask attr)
EquipMask	2048	0x800	UpperArms	hex (mask attr)
EquipMask	4096	0x1000	LowerArms	hex (mask attr)
EquipMask	8192	0x2000	UpperLegs	hex (mask attr)
EquipMask	16384	0x4000	LowerLegs	hex (mask attr)
EquipMask	32768	0x8000	Necklace	hex (mask attr)
EquipMask	65536	0x10000	RightBracelet	hex (mask attr)
EquipMask	131072	0x20000	LeftBracelet	hex (mask attr)
EquipMask	262144	0x40000	RightRing	hex (mask attr)
EquipMask	524288	0x80000	LeftRing	hex (mask attr)
EquipMask	1048576	0x100000	MeleeWeapon	hex (mask attr)
EquipMask	2097152	0x200000	Shield	hex (mask attr)
EquipMask	4194304	0x400000	MissileWeapon	hex (mask attr)
EquipMask	8388608	0x800000	Ammunition	hex (mask attr)
EquipMask	16777216	0x1000000	Wand	hex (mask attr)
EquipmentSet	0	0x0	None	dec
EquipmentSet	1	0x1	Test	dec
EquipmentSet	2	0x2	Test2	dec
EquipmentSet	3	0x3	Unknown3	dec
EquipmentSet	4	0x4	CarraidasBenediction	dec
EquipmentSet	5	0x5	NobleRelic	dec
EquipmentSet	6	0x6	AncientRelic	dec
EquipmentSet	7	0x7	AlduressaRelic	dec
EquipmentSet	8	0x8	Ninja	dec
EquipmentSet	9	0x9	EmpyreanRings	dec
EquipmentSet	10	0xA	ArmMindHeart	dec
EquipmentSet	11	0xB	ArmorPerfectLight	dec
EquipmentSet	12	0xC	ArmorPerfectLight2	dec
EquipmentSet	13	0xD	Soldiers	dec
EquipmentSet	14	0xE	Adepts	dec
EquipmentSet	15	0xF	Archers	dec
EquipmentSet	16	0x10	Defenders	dec
EquipmentSet	17	0x11	Tinkers	dec
EquipmentSet	18	0x12	Crafters	dec
EquipmentSet	19	0x13	Hearty	dec
EquipmentSet	20	0x14	Dexterous	dec
EquipmentSet	21	0x15	Wise	dec
EquipmentSet	22	0x16	Swift	dec
EquipmentSet	23	0x17	Hardened	dec
EquipmentSet	24	0x18	Reinforced	dec
EquipmentSet	25	0x19	Interlocking	dec
EquipmentSet	26	0x1A	Flameproof	dec
EquipmentSet	27	0x1B	Acidproof	dec
EquipmentSet	28	0x1C	Coldproof	dec
EquipmentSet	29	0x1D	Lightningproof	dec
EquipmentSet	30	0x1E	SocietyArmor	dec
EquipmentSet	31	0x1F	ColosseumClothing	dec
EquipmentSet	32	0x20	GraveyardClothing	dec
EquipmentSet	33	0x21	OlthoiClothing	dec
EquipmentSet	34	0x22	NoobieArmor	dec
EquipmentSet	35	0x23	AetheriaDefense	dec
EquipmentSet	36	0x24	AetheriaDestruction	dec
EquipmentSet	37	0x25	AetheriaFury	dec
EquipmentSet	38	0x26	AetheriaGrowth	dec
EquipmentSet	39	0x27	AetheriaVigor	dec
EquipmentSet	40	0x28	RareDamageResistance	dec
EquipmentSet	41	0x29	RareDamageBoost	dec
EquipmentSet	42	0x2A	OlthoiArmorDRed	dec
EquipmentSet	43	0x2B	OlthoiArmorCRat	dec
EquipmentSet	44	0x2C	OlthoiArmorCRed	dec
EquipmentSet	45	0x2D	OlthoiArmorDRat	dec
EquipmentSet	46	0x2E	AlduressaRelicUpgrade	dec
EquipmentSet	47	0x2F	AncientRelicUpgrade	dec
EquipmentSet	48	0x30	NobleRelicUpgrade	dec
EquipmentSet	49	0x31	CloakAlchemy	dec
EquipmentSet	50	0x32	CloakArcaneLore	dec
EquipmentSet	51	0x33	CloakArmorTinkering	dec
EquipmentSet	52	0x34	CloakAssessPerson	dec
EquipmentSet	53	0x35	CloakLightWeapons	dec
EquipmentSet	54	0x36	CloakMissileWeapons	dec
EquipmentSet	55	0x37	CloakCooking	dec
EquipmentSet	56	0x38	CloakCreatureEnchantment	dec
EquipmentSet	57	0x39	CloakCrossbow	dec
EquipmentSet	58	0x3A	CloakFinesseWeapons	dec
EquipmentSet	59	0x3B	CloakDeception	dec
EquipmentSet	60	0x3C	CloakFletching	dec
EquipmentSet	61	0x3D	CloakHealing	dec
EquipmentSet	62	0x3E	CloakItemEnchantment	dec
EquipmentSet	63	0x3F	CloakItemTinkering	dec
EquipmentSet	64	0x40	CloakLeadership	dec
EquipmentSet	65	0x41	CloakLifeMagic	dec
EquipmentSet	66	0x42	CloakLoyalty	dec
EquipmentSet	67	0x43	CloakMace	dec
EquipmentSet	68	0x44	CloakMagicDefense	dec
EquipmentSet	69	0x45	CloakMagicItemTinkering	dec
EquipmentSet	70	0x46	CloakManaConversion	dec
EquipmentSet	71	0x47	CloakMeleeDefense	dec
EquipmentSet	72	0x48	CloakMissileDefense	dec
EquipmentSet	73	0x49	CloakSalvaging	dec
EquipmentSet	74	0x4A	CloakSpear	dec
EquipmentSet	75	0x4B	CloakStaff	dec
EquipmentSet	76	0x4C	CloakHeavyWeapons	dec
EquipmentSet	77	0x4D	CloakThrownWeapon	dec
EquipmentSet	78	0x4E	CloakTwoHandedCombat	dec
EquipmentSet	79	0x4F	CloakUnarmedCombat	dec
EquipmentSet	80	0x50	CloakVoidMagic	dec
EquipmentSet	81	0x51	CloakWarMagic	dec
EquipmentSet	82	0x52	CloakWeaponTinkering	dec
EquipmentSet	83	0x53	CloakAssessCreature	dec
EquipmentSet	84	0x54	CloakDirtyFighting	dec
EquipmentSet	85	0x55	CloakDualWield	dec
EquipmentSet	86	0x56	CloakRecklessness	dec
EquipmentSet	87	0x57	CloakShield	dec
EquipmentSet	88	0x58	CloakSneakAttack	dec
EquipmentSet	89	0x59	Ninja_New	dec
EquipmentSet	90	0x5A	CloakSummoning	dec
EquipmentSet	91	0x5B	ShroudedSoul	dec
EquipmentSet	92	0x5C	DarkenedMind	dec
EquipmentSet	93	0x5D	CloudedSpirit	dec
EquipmentSet	94	0x5E	MinorStingingShroudedSoul	dec
EquipmentSet	95	0x5F	MinorSparkingShroudedSoul	dec
EquipmentSet	96	0x60	MinorSmolderingShroudedSoul	dec
EquipmentSet	97	0x61	MinorShiveringShroudedSoul	dec
EquipmentSet	98	0x62	MinorStingingDarkenedMind	dec
EquipmentSet	99	0x63	MinorSparkingDarkenedMind	dec
EquipmentSet	100	0x64	MinorSmolderingDarkenedMind	dec
EquipmentSet	101	0x65	MinorShiveringDarkenedMind	dec
EquipmentSet	102	0x66	MinorStingingCloudedSpirit	dec
EquipmentSet	103	0x67	MinorSparkingCloudedSpirit	dec
EquipmentSet	104	0x68	MinorSmolderingCloudedSpirit	dec
EquipmentSet	105	0x69	MinorShiveringCloudedSpirit	dec
EquipmentSet	106	0x6A	MajorStingingShroudedSoul	dec
EquipmentSet	107	0x6B	MajorSparkingShroudedSoul	dec
EquipmentSet	108	0x6C	MajorSmolderingShroudedSoul	dec
EquipmentSet	109	0x6D	MajorShiveringShroudedSoul	dec
EquipmentSet	110	0x6E	MajorStingingDarkenedMind	dec
EquipmentSet	111	0x6F	MajorSparkingDarkenedMind	dec
EquipmentSet	112	0x70	MajorSmolderingDarkenedMind	dec
EquipmentSet	113	0x71	MajorShiveringDarkenedMind	dec
EquipmentSet	114	0x72	MajorStingingCloudedSpirit	dec
EquipmentSet	115	0x73	MajorSparkingCloudedSpirit	dec
EquipmentSet	116	0x74	MajorSmolderingCloudedSpirit	dec
EquipmentSet	117	0x75	MajorShiveringCloudedSpirit	dec
EquipmentSet	118	0x76	BlackfireStingingShroudedSoul	dec
EquipmentSet	119	0x77	BlackfireSparkingShroudedSoul	dec
EquipmentSet	120	0x78	BlackfireSmolderingShroudedSoul	dec
EquipmentSet	121	0x79	BlackfireShiveringShroudedSoul	dec
EquipmentSet	122	0x7A	BlackfireStingingDarkenedMind	dec
EquipmentSet	123	0x7B	BlackfireSparkingDarkenedMind	dec
EquipmentSet	124	0x7C	BlackfireSmolderingDarkenedMind	dec
EquipmentSet	125	0x7D	BlackfireShiveringDarkenedMind	dec
EquipmentSet	126	0x7E	BlackfireStingingCloudedSpirit	dec
EquipmentSet	127	0x7F	BlackfireSparkingCloudedSpirit	dec
EquipmentSet	128	0x80	BlackfireSmolderingCloudedSpirit	dec
EquipmentSet	129	0x81	BlackfireShiveringCloudedSpirit	dec
EquipmentSet	130	0x82	ShimmeringShadowsSet	dec
EquipmentSet	131	0x83	BrownSocietyLocket	dec
EquipmentSet	132	0x84	YellowSocietyLocket	dec
EquipmentSet	133	0x85	RedSocietyBand	dec
EquipmentSet	134	0x86	GreenSocietyBand	dec
EquipmentSet	135	0x87	PurpleSocietyBand	dec
EquipmentSet	136	0x88	BlueSocietyBand	dec
EquipmentSet	137	0x89	GauntletGarb	dec
EquipmentSet	138	0x8A	ParagonMissile	dec
EquipmentSet	139	0x8B	ParagonCaster	dec
EquipmentSet	140	0x8C	ParagonMelee	dec
FactionBits	0	0x0	None	hex
FactionBits	1	0x1	CelestialHand	hex
FactionBits	2	0x2	EldrytchWeb	hex
FactionBits	4	0x4	RadiantBlood	hex
FellowUpdateType	1	0x1	FullUpdate	hex
FellowUpdateType	2	0x2	UpdateStats	hex
FellowUpdateType	3	0x3	UpdateVitals	hex
FragmentGroup	5	0x5	Event	dec (unverified)
FragmentGroup	9	0x9	Private	dec (unverified)
FragmentGroup	10	0xA	Object	dec (unverified)
FriendsUpdateType	0	0x0	Full	hex
FriendsUpdateType	1	0x1	Added	hex
FriendsUpdateType	2	0x2	Removed	hex
FriendsUpdateType	4	0x4	LoginChange	hex
GameAction	5	0x5	Character_PlayerOptionChangedEvent	hex
GameAction	8	0x8	Combat_TargetedMeleeAttack	hex
GameAction	10	0xA	Combat_TargetedMissileAttack	hex
GameAction	15	0xF	Communication_SetAFKMode	hex
GameAction	16	0x10	Communication_SetAFKMessage	hex
GameAction	21	0x15	Communication_Talk	hex
GameAction	23	0x17	Social_RemoveFriend	hex
GameAction	24	0x18	Social_AddFriend	hex
GameAction	25	0x19	Inventory_PutItemInContainer	hex
GameAction	26	0x1A	Inventory_GetAndWieldItem	hex
GameAction	27	0x1B	Inventory_DropItem	hex
GameAction	29	0x1D	Allegiance_SwearAllegiance	hex
GameAction	30	0x1E	Allegiance_BreakAllegiance	hex
GameAction	31	0x1F	Allegiance_UpdateRequest	hex
GameAction	37	0x25	Social_ClearFriends	hex
GameAction	38	0x26	Character_TeleToPKLArena	hex
GameAction	39	0x27	Character_TeleToPKArena	hex
GameAction	44	0x2C	Social_SetDisplayCharacterTitle	hex
GameAction	48	0x30	Allegiance_QueryAllegianceName	hex
GameAction	49	0x31	Allegiance_ClearAllegianceName	hex
GameAction	50	0x32	Communication_TalkDirect	hex
GameAction	51	0x33	Allegiance_SetAllegianceName	hex
GameAction	53	0x35	Inventory_UseWithTargetEvent	hex
GameAction	54	0x36	Inventory_UseEvent	hex
GameAction	59	0x3B	Allegiance_SetAllegianceOfficer	hex
GameAction	60	0x3C	Allegiance_SetAllegianceOfficerTitle	hex
GameAction	61	0x3D	Allegiance_ListAllegianceOfficerTitles	hex
GameAction	62	0x3E	Allegiance_ClearAllegianceOfficerTitles	hex
GameAction	63	0x3F	Allegiance_DoAllegianceLockAction	hex
GameAction	64	0x40	Allegiance_SetAllegianceApprovedVassal	hex
GameAction	65	0x41	Allegiance_AllegianceChatGag	hex
GameAction	66	0x42	Allegiance_DoAllegianceHouseAction	hex
GameAction	68	0x44	Train_TrainAttribute2nd	hex
GameAction	69	0x45	Train_TrainAttribute	hex
GameAction	70	0x46	Train_TrainSkill	hex
GameAction	71	0x47	Train_TrainSkillAdvancementClass	hex
GameAction	72	0x48	Magic_CastUntargetedSpell	hex
GameAction	74	0x4A	Magic_CastTargetedSpell	hex
GameAction	83	0x53	Combat_ChangeCombatMode	hex
GameAction	84	0x54	Inventory_StackableMerge	hex
GameAction	85	0x55	Inventory_StackableSplitToContainer	hex
GameAction	86	0x56	Inventory_StackableSplitTo3D	hex
GameAction	88	0x58	Communication_ModifyCharacterSquelch	hex
GameAction	89	0x59	Communication_ModifyAccountSquelch	hex
GameAction	91	0x5B	Communication_ModifyGlobalSquelch	hex
GameAction	93	0x5D	Communication_TalkDirectByName	hex
GameAction	95	0x5F	Vendor_Buy	hex
GameAction	96	0x60	Vendor_Sell	hex
GameAction	99	0x63	Character_TeleToLifestone	hex
GameAction	161	0xA1	Character_LoginCompleteNotification	hex
GameAction	162	0xA2	Fellowship_Create	hex
GameAction	163	0xA3	Fellowship_Quit	hex
GameAction	164	0xA4	Fellowship_Dismiss	hex
GameAction	165	0xA5	Fellowship_Recruit	hex
GameAction	166	0xA6	Fellowship_UpdateRequest	hex
GameAction	170	0xAA	Writing_BookAddPage	hex
GameAction	171	0xAB	Writing_BookModifyPage	hex
GameAction	172	0xAC	Writing_BookData	hex
GameAction	173	0xAD	Writing_BookDeletePage	hex
GameAction	174	0xAE	Writing_BookPageData	hex
GameAction	191	0xBF	Writing_SetInscription	hex
GameAction	200	0xC8	Item_Appraise	hex
GameAction	205	0xCD	Inventory_GiveObjectRequest	hex
GameAction	214	0xD6	Advocate_Teleport	hex
GameAction	320	0x140	Character_AbuseLogRequest	hex
GameAction	325	0x145	Communication_AddToChannel	hex
GameAction	326	0x146	Communication_RemoveFromChannel	hex
GameAction	327	0x147	Communication_ChannelBroadcast	hex
GameAction	328	0x148	Communication_ChannelList	hex
GameAction	329	0x149	Communication_ChannelIndex	hex
GameAction	405	0x195	Inventory_NoLongerViewingContents	hex
GameAction	411	0x19B	Inventory_StackableSplitToWield	hex
GameAction	412	0x19C	Character_AddShortCut	hex
GameAction	413	0x19D	Character_RemoveShortCut	hex
GameAction	417	0x1A1	Character_CharacterOptionsEvent	hex
GameAction	424	0x1A8	Magic_RemoveSpell	hex
GameAction	439	0x1B7	Combat_CancelAttack	hex
GameAction	447	0x1BF	Combat_QueryHealth	hex
GameAction	450	0x1C2	Character_QueryAge	hex
GameAction	452	0x1C4	Character_QueryBirth	hex
GameAction	479	0x1DF	Communication_Emote	hex
GameAction	481	0x1E1	Communication_SoulEmote	hex
GameAction	483	0x1E3	Character_AddSpellFavorite	hex
GameAction	484	0x1E4	Character_RemoveSpellFavorite	hex
GameAction	489	0x1E9	Character_RequestPing	hex
GameAction	502	0x1F6	Trade_OpenTradeNegotiations	hex
GameAction	503	0x1F7	Trade_CloseTradeNegotiations	hex
GameAction	504	0x1F8	Trade_AddToTrade	hex
GameAction	506	0x1FA	Trade_AcceptTrade	hex
GameAction	507	0x1FB	Trade_DeclineTrade	hex
GameAction	516	0x204	Trade_ResetTrade	hex
GameAction	534	0x216	Character_ClearPlayerConsentList	hex
GameAction	535	0x217	Character_DisplayPlayerConsentList	hex
GameAction	536	0x218	Character_RemoveFromPlayerConsentList	hex
GameAction	537	0x219	Character_AddPlayerPermission	hex
GameAction	540	0x21C	House_BuyHouse	hex
GameAction	542	0x21E	House_QueryHouse	hex
GameAction	543	0x21F	House_AbandonHouse	hex
GameAction	544	0x220	Character_RemovePlayerPermission	hex
GameAction	545	0x221	House_RentHouse	hex
GameAction	548	0x224	Character_SetDesiredComponentLevel	hex
GameAction	581	0x245	House_AddPermanentGuest	hex
GameAction	582	0x246	House_RemovePermanentGuest	hex
GameAction	583	0x247	House_SetOpenHouseStatus	hex
GameAction	585	0x249	House_ChangeStoragePermission	hex
GameAction	586	0x24A	House_BootSpecificHouseGuest	hex
GameAction	588	0x24C	House_RemoveAllStoragePermission	hex
GameAction	589	0x24D	House_RequestFullGuestList	hex
GameAction	596	0x254	Allegiance_SetMotd	hex
GameAction	597	0x255	Allegiance_QueryMotd	hex
GameAction	598	0x256	Allegiance_ClearMotd	hex
GameAction	600	0x258	House_QueryLord	hex
GameAction	604	0x25C	House_AddAllStoragePermission	hex
GameAction	606	0x25E	House_RemoveAllPermanentGuests	hex
GameAction	607	0x25F	House_BootEveryone	hex
GameAction	610	0x262	House_TeleToHouse	hex
GameAction	611	0x263	Item_QueryItemMana	hex
GameAction	614	0x266	House_SetHooksVisibility	hex
GameAction	615	0x267	House_ModifyAllegianceGuestPermission	hex
GameAction	616	0x268	House_ModifyAllegianceStoragePermission	hex
GameAction	617	0x269	Game_Join	hex
GameAction	618	0x26A	Game_Quit	hex
GameAction	619	0x26B	Game_Move	hex
GameAction	621	0x26D	Game_MovePass	hex
GameAction	622	0x26E	Game_Stalemate	hex
GameAction	624	0x270	House_ListAvailableHouses	hex
GameAction	629	0x275	Character_ConfirmationResponse	hex
GameAction	631	0x277	Allegiance_BreakAllegianceBoot	hex
GameAction	632	0x278	House_TeleToMansion	hex
GameAction	633	0x279	Character_Suicide	hex
GameAction	635	0x27B	Allegiance_AllegianceInfoRequest	hex
GameAction	637	0x27D	Inventory_CreateTinkeringTool	hex
GameAction	646	0x286	Character_SpellbookFilterEvent	hex
GameAction	653	0x28D	Character_TeleToMarketplace	hex
GameAction	655	0x28F	Character_EnterPKLite	hex
GameAction	656	0x290	Fellowship_AssignNewLeader	hex
GameAction	657	0x291	Fellowship_ChangeFellowOpeness	hex
GameAction	672	0x2A0	Allegiance_AllegianceChatBoot	hex
GameAction	673	0x2A1	Allegiance_AddAllegianceBan	hex
GameAction	674	0x2A2	Allegiance_RemoveAllegianceBan	hex
GameAction	675	0x2A3	Allegiance_ListAllegianceBans	hex
GameAction	677	0x2A5	Allegiance_RemoveAllegianceOfficer	hex
GameAction	678	0x2A6	Allegiance_ListAllegianceOfficers	hex
GameAction	679	0x2A7	Allegiance_ClearAllegianceOfficers	hex
GameAction	683	0x2AB	Allegiance_RecallAllegianceHometown	hex
GameAction	687	0x2AF	Admin_QueryPluginListResponse	hex
GameAction	690	0x2B2	Admin_QueryPluginResponse	hex
GameAction	785	0x311	Character_FinishBarber	hex
GameAction	790	0x316	Social_AbandonContract	hex
GameAction	63003	0xF61B	Movement_Jump	hex
GameAction	63004	0xF61C	Movement_MoveToState	hex
GameAction	63006	0xF61E	Movement_DoMovementCommand	hex
GameAction	63073	0xF661	Movement_StopMovementCommand	hex
GameAction	63314	0xF752	Movement_AutonomyLevel	hex
GameAction	63315	0xF753	Movement_AutonomousPosition	hex
GameAction	63433	0xF7C9	Movement_Jump_NonAutonomous	hex
GameEvent	3	0x3	Allegiance_AllegianceUpdateAborted	hex
GameEvent	4	0x4	Communication_PopUpString	hex
GameEvent	19	0x13	Login_PlayerDescription	hex
GameEvent	32	0x20	Allegiance_AllegianceUpdate	hex
GameEvent	33	0x21	Social_FriendsUpdate	hex
GameEvent	34	0x22	Item_ServerSaysContainId	hex
GameEvent	35	0x23	Item_WearItem	hex
GameEvent	41	0x29	Social_CharacterTitleTable	hex
GameEvent	43	0x2B	Social_AddOrSetCharacterTitle	hex
GameEvent	82	0x52	Item_StopViewingObjectContents	hex
GameEvent	98	0x62	Vendor_VendorInfo	hex
GameEvent	117	0x75	Character_StartBarber	hex
GameEvent	163	0xA3	Fellowship_Quit	hex
GameEvent	164	0xA4	Fellowship_Dismiss	hex
GameEvent	180	0xB4	Writing_BookOpen	hex
GameEvent	182	0xB6	Writing_BookAddPageResponse	hex
GameEvent	183	0xB7	Writing_BookDeletePageResponse	hex
GameEvent	184	0xB8	Writing_BookPageDataResponse	hex
GameEvent	195	0xC3	Item_GetInscriptionResponse	hex
GameEvent	201	0xC9	Item_SetAppraiseInfo	hex
GameEvent	327	0x147	Communication_ChannelBroadcast	hex
GameEvent	328	0x148	Communication_ChannelList	hex
GameEvent	329	0x149	Communication_ChannelIndex	hex
GameEvent	406	0x196	Item_OnViewContents	hex
GameEvent	410	0x19A	Item_ServerSaysMoveItem	hex
GameEvent	423	0x1A7	Combat_HandleAttackDoneEvent	hex
GameEvent	424	0x1A8	Magic_RemoveSpell	hex
GameEvent	428	0x1AC	Combat_HandleVictimNotificationEventSelf	hex
GameEvent	429	0x1AD	Combat_HandleVictimNotificationEventOther	hex
GameEvent	433	0x1B1	Combat_HandleAttackerNotificationEvent	hex
GameEvent	434	0x1B2	Combat_HandleDefenderNotificationEvent	hex
GameEvent	435	0x1B3	Combat_HandleEvasionAttackerNotificationEvent	hex
GameEvent	436	0x1B4	Combat_HandleEvasionDefenderNotificationEvent	hex
GameEvent	440	0x1B8	Combat_HandleCommenceAttackEvent	hex
GameEvent	448	0x1C0	Combat_QueryHealthResponse	hex
GameEvent	451	0x1C3	Character_QueryAgeResponse	hex
GameEvent	455	0x1C7	Item_UseDone	hex
GameEvent	456	0x1C8	Allegiance_AllegianceUpdateDone	hex
GameEvent	457	0x1C9	Fellowship_FellowUpdateDone	hex
GameEvent	458	0x1CA	Fellowship_FellowStatsDone	hex
GameEvent	459	0x1CB	Item_AppraiseDone	hex
GameEvent	490	0x1EA	Character_ReturnPing	hex
GameEvent	500	0x1F4	Communication_SetSquelchDB	hex
GameEvent	509	0x1FD	Trade_RegisterTrade	hex
GameEvent	510	0x1FE	Trade_OpenTrade	hex
GameEvent	511	0x1FF	Trade_CloseTrade	hex
GameEvent	512	0x200	Trade_AddToTrade	hex
GameEvent	513	0x201	Trade_RemoveFromTrade	hex
GameEvent	514	0x202	Trade_AcceptTrade	hex
GameEvent	515	0x203	Trade_DeclineTrade	hex
GameEvent	517	0x205	Trade_ResetTrade	hex
GameEvent	519	0x207	Trade_TradeFailure	hex
GameEvent	520	0x208	Trade_ClearTradeAcceptance	hex
GameEvent	541	0x21D	House_HouseProfile	hex
GameEvent	549	0x225	House_HouseData	hex
GameEvent	550	0x226	House_HouseStatus	hex
GameEvent	551	0x227	House_UpdateRentTime	hex
GameEvent	552	0x228	House_UpdateRentPayment	hex
GameEvent	584	0x248	House_UpdateRestrictions	hex
GameEvent	599	0x257	House_UpdateHAR	hex
GameEvent	601	0x259	House_HouseTransaction	hex
GameEvent	612	0x264	Item_QueryItemManaResponse	hex
GameEvent	625	0x271	House_AvailableHouses	hex
GameEvent	628	0x274	Character_ConfirmationRequest	hex
GameEvent	630	0x276	Character_ConfirmationDone	hex
GameEvent	634	0x27A	Allegiance_AllegianceLoginNotificationEvent	hex
GameEvent	636	0x27C	Allegiance_AllegianceInfoResponseEvent	hex
GameEvent	641	0x281	Game_JoinGameResponse	hex
GameEvent	642	0x282	Game_StartGame	hex
GameEvent	643	0x283	Game_MoveResponse	hex
GameEvent	644	0x284	Game_OpponentTurn	hex
GameEvent	645	0x285	Game_OpponentStalemateState	hex
GameEvent	650	0x28A	Communication_WeenieError	hex
GameEvent	651	0x28B	Communication_WeenieErrorWithString	hex
GameEvent	652	0x28C	Game_GameOver	hex
GameEvent	661	0x295	Communication_ChatRoomTracker	hex
GameEvent	686	0x2AE	Admin_QueryPluginList	hex
GameEvent	689	0x2B1	Admin_QueryPlugin	hex
GameEvent	691	0x2B3	Admin_QueryPluginResponse2	hex
GameEvent	692	0x2B4	Inventory_SalvageOperationsResultData	hex
GameEvent	701	0x2BD	Communication_HearDirectSpeech	hex
GameEvent	702	0x2BE	Fellowship_FullUpdate	hex
GameEvent	703	0x2BF	Fellowship_Disband	hex
GameEvent	704	0x2C0	Fellowship_UpdateFellow	hex
GameEvent	705	0x2C1	Magic_UpdateSpell	hex
GameEvent	706	0x2C2	Magic_UpdateEnchantment	hex
GameEvent	707	0x2C3	Magic_RemoveEnchantment	hex
GameEvent	708	0x2C4	Magic_UpdateMultipleEnchantments	hex
GameEvent	709	0x2C5	Magic_RemoveMultipleEnchantments	hex
GameEvent	710	0x2C6	Magic_PurgeEnchantments	hex
GameEvent	711	0x2C7	Magic_DispelEnchantment	hex
GameEvent	712	0x2C8	Magic_DispelMultipleEnchantments	hex
GameEvent	713	0x2C9	Misc_PortalStormBrewing	hex
GameEvent	714	0x2CA	Misc_PortalStormImminent	hex
GameEvent	715	0x2CB	Misc_PortalStorm	hex
GameEvent	716	0x2CC	Misc_PortalStormSubsided	hex
GameEvent	747	0x2EB	Communication_TransientString	hex
GameEvent	786	0x312	Magic_PurgeBadEnchantments	hex
GameEvent	788	0x314	Social_SendClientContractTrackerTable	hex
GameEvent	789	0x315	Social_SendClientContractTracker	hex
GameMessageGroup	1	0x1	Event	hex
GameMessageGroup	2	0x2	Control	hex
GameMessageGroup	3	0x3	Weenie	hex
GameMessageGroup	4	0x4	Logon	hex
GameMessageGroup	5	0x5	Database	hex
GameMessageGroup	6	0x6	SecureControl	hex
GameMessageGroup	7	0x7	SecureWeenie	hex
GameMessageGroup	8	0x8	SecureLogin	hex
GameMessageGroup	8	0x8	Observer	hex
GameMessageGroup	9	0x9	UIQueue	hex
GameMessageGroup	10	0xA	SmartBox	hex
Gender	0	0x0	Invalid	hex
Gender	1	0x1	Male	hex
Gender	2	0x2	Female	hex
GeneratorDestruct	0	0x0	Undef	hex
GeneratorDestruct	1	0x1	Nothing	hex
GeneratorDestruct	2	0x2	Destroy	hex
GeneratorDestruct	3	0x3	Kill	hex
GeneratorTimeType	0	0x0	Undef	hex
GeneratorTimeType	1	0x1	RealTime	hex
GeneratorTimeType	2	0x2	Defined	hex
GeneratorTimeType	3	0x3	Event	hex
GeneratorTimeType	4	0x4	Night	hex
GeneratorTimeType	5	0x5	Day	hex
GeneratorType	0	0x0	Undef	hex
GeneratorType	1	0x1	Relative	hex
GeneratorType	2	0x2	Absolute	hex
HeritageGroup	0	0x0	Invalid	hex
HeritageGroup	1	0x1	Aluvian	hex
HeritageGroup	2	0x2	Gharundim	hex
HeritageGroup	3	0x3	Sho	hex
HeritageGroup	4	0x4	Viamontian	hex
HeritageGroup	5	0x5	Shadowbound	hex
HeritageGroup	6	0x6	Gearknight	hex
HeritageGroup	7	0x7	Tumerok	hex
HeritageGroup	8	0x8	Lugian	hex
HeritageGroup	9	0x9	Empyrean	hex
HeritageGroup	10	0xA	Penumbraen	hex
HeritageGroup	11	0xB	Undead	hex
HeritageGroup	12	0xC	Olthoi	hex
HeritageGroup	13	0xD	OlthoiAcid	hex
HoldKey	0	0x0	Invalid	hex
HoldKey	1	0x1	None	hex
HoldKey	2	0x2	Run	hex
HookAppraisalFlags	1	0x1	Inscribable	hex
HookAppraisalFlags	2	0x2	IsHealer	hex
HookAppraisalFlags	8	0x8	IsLockpick	hex
HookGroupType	0	0x0	Undef	hex (power-of-two)
HookGroupType	1	0x1	NoisemakingItems	hex (power-of-two)
HookGroupType	2	0x2	TestItems	hex (power-of-two)
HookGroupType	4	0x4	PortalItems	hex (power-of-two)
HookGroupType	8	0x8	WritableItems	hex (power-of-two)
HookGroupType	16	0x10	SpellCastingItems	hex (power-of-two)
HookGroupType	32	0x20	SpellTeachingItems	hex (power-of-two)
HookType	1	0x1	Floor	hex (mask attr)
HookType	2	0x2	Wall	hex (mask attr)
HookType	4	0x4	Ceiling	hex (mask attr)
HookType	8	0x8	Yard	hex (mask attr)
HookType	16	0x10	Roof	hex (mask attr)
HouseBitfield	0	0x0	Undef	hex
HouseBitfield	1	0x1	Active	hex
HouseBitfield	2	0x2	RequiresMonarch	hex
HouseStatus	-1	0x-1	Disabled	hex
HouseStatus	0	0x0	InActive	hex
HouseStatus	1	0x1	Active	hex
HouseType	1	0x1	Cottage	hex
HouseType	2	0x2	Villa	hex
HouseType	3	0x3	Mansion	hex
HouseType	4	0x4	Apartment	hex
IconHighlight	0	0x0	Invalid	hex (mask attr)
IconHighlight	1	0x1	Magical	hex (mask attr)
IconHighlight	2	0x2	Poisoned	hex (mask attr)
IconHighlight	4	0x4	BoostHealth	hex (mask attr)
IconHighlight	8	0x8	BoostMana	hex (mask attr)
IconHighlight	16	0x10	BoostStamina	hex (mask attr)
IconHighlight	32	0x20	Fire	hex (mask attr)
IconHighlight	64	0x40	Lightning	hex (mask attr)
IconHighlight	128	0x80	Frost	hex (mask attr)
IconHighlight	256	0x100	Acid	hex (mask attr)
IconHighlight	512	0x200	Bludgeoning	hex (mask attr)
IconHighlight	1024	0x400	Slashing	hex (mask attr)
IconHighlight	2048	0x800	Piercing	hex (mask attr)
IconHighlight	4096	0x1000	Nether	hex (mask attr)
ImbuedEffectType	0	0x0	Undef	hex (power-of-two)
ImbuedEffectType	1	0x1	CriticalStrike	hex (power-of-two)
ImbuedEffectType	2	0x2	CripplingBlow	hex (power-of-two)
ImbuedEffectType	4	0x4	ArmorRending	hex (power-of-two)
ImbuedEffectType	8	0x8	SlashRending	hex (power-of-two)
ImbuedEffectType	16	0x10	PierceRending	hex (power-of-two)
ImbuedEffectType	32	0x20	BludgeonRending	hex (power-of-two)
ImbuedEffectType	64	0x40	AcidRending	hex (power-of-two)
ImbuedEffectType	128	0x80	ColdRending	hex (power-of-two)
ImbuedEffectType	256	0x100	ElectricRending	hex (power-of-two)
ImbuedEffectType	512	0x200	FireRending	hex (power-of-two)
ImbuedEffectType	1024	0x400	MeleeDefense	hex (power-of-two)
ImbuedEffectType	2048	0x800	MissileDefense	hex (power-of-two)
ImbuedEffectType	4096	0x1000	MagicDefense	hex (power-of-two)
ImbuedEffectType	8192	0x2000	Spellbook	hex (power-of-two)
ImbuedEffectType	16384	0x4000	NetherRending	hex (power-of-two)
ImbuedEffectType	536870912	0x20000000	IgnoreSomeMagicProjectileDamage	hex (power-of-two)
ImbuedEffectType	1073741824	0x40000000	AlwaysCritical	hex (power-of-two)
ImbuedEffectType	2147483648	0x80000000	IgnoreAllArmor	hex (power-of-two)
ItemType	1	0x1	MeleeWeapon	hex (mask attr)
ItemType	2	0x2	Armor	hex (mask attr)
ItemType	4	0x4	Clothing	hex (mask attr)
ItemType	8	0x8	Jewelry	hex (mask attr)
ItemType	16	0x10	Creature	hex (mask attr)
ItemType	32	0x20	Food	hex (mask attr)
ItemType	64	0x40	Money	hex (mask attr)
ItemType	128	0x80	Misc	hex (mask attr)
ItemType	256	0x100	MissileWeapon	hex (mask attr)
ItemType	512	0x200	Container	hex (mask attr)
ItemType	1024	0x400	Useless	hex (mask attr)
ItemType	2048	0x800	Gem	hex (mask attr)
ItemType	4096	0x1000	SpellComponents	hex (mask attr)
ItemType	8192	0x2000	Writable	hex (mask attr)
ItemType	16384	0x4000	Key	hex (mask attr)
ItemType	32768	0x8000	Caster	hex (mask attr)
ItemType	65536	0x10000	Portal	hex (mask attr)
ItemType	131072	0x20000	Lockable	hex (mask attr)
ItemType	262144	0x40000	PromissoryNote	hex (mask attr)
ItemType	524288	0x80000	ManaStone	hex (mask attr)
ItemType	1048576	0x100000	Service	hex (mask attr)
ItemType	2097152	0x200000	MagicWieldable	hex (mask attr)
ItemType	4194304	0x400000	CraftCookingBase	hex (mask attr)
ItemType	8388608	0x800000	CraftAlchemyBase	hex (mask attr)
ItemType	33554432	0x2000000	CraftFletchingBase	hex (mask attr)
ItemType	67108864	0x4000000	CraftAlchemyIntermediate	hex (mask attr)
ItemType	134217728	0x8000000	CraftFletchingIntermediate	hex (mask attr)
ItemType	268435456	0x10000000	LifeStone	hex (mask attr)
ItemType	536870912	0x20000000	TinkeringTool	hex (mask attr)
ItemType	1073741824	0x40000000	TinkeringMaterial	hex (mask attr)
ItemType	2147483648	0x80000000	Gameboard	hex (mask attr)
ItemXpStyle	0	0x0	Undef	hex
ItemXpStyle	1	0x1	Fixed	hex
ItemXpStyle	2	0x2	ScalesWithLevel	hex
ItemXpStyle	3	0x3	FixedPlusBase	hex
LogTextType	0	0x0	Default	hex
LogTextType	2	0x2	Speech	hex
LogTextType	3	0x3	Tell	hex
LogTextType	4	0x4	SpeechDirectSend	hex
LogTextType	5	0x5	System	hex
LogTextType	6	0x6	Combat	hex
LogTextType	7	0x7	Magic	hex
LogTextType	8	0x8	Channel	hex
LogTextType	9	0x9	ChannelSend	hex
LogTextType	10	0xA	Social	hex
LogTextType	11	0xB	SocialSend	hex
LogTextType	12	0xC	Emote	hex
LogTextType	13	0xD	Advancement	hex
LogTextType	14	0xE	Abuse	hex
LogTextType	15	0xF	Help	hex
LogTextType	16	0x10	Appraisal	hex
LogTextType	17	0x11	Spellcasting	hex
LogTextType	18	0x12	Allegiance	hex
LogTextType	19	0x13	Fellowship	hex
LogTextType	20	0x14	WorldBroadcast	hex
LogTextType	21	0x15	CombatEnemy	hex
LogTextType	22	0x16	CombatSelf	hex
LogTextType	23	0x17	Recall	hex
LogTextType	24	0x18	Craft	hex
LogTextType	25	0x19	Salvaging	hex
LogTextType	31	0x1F	AdminTell	hex
MaterialType	1	0x1	Ceramic	hex
MaterialType	2	0x2	Porcelain	hex
MaterialType	4	0x4	Linen	hex
MaterialType	5	0x5	Satin	hex
MaterialType	6	0x6	Silk	hex
MaterialType	7	0x7	Velvet	hex
MaterialType	8	0x8	Wool	hex
MaterialType	10	0xA	Agate	hex
MaterialType	11	0xB	Amber	hex
MaterialType	12	0xC	Amethyst	hex
MaterialType	13	0xD	Aquamarine	hex
MaterialType	14	0xE	Azurite	hex
MaterialType	15	0xF	BlackGarnet	hex
MaterialType	16	0x10	BlackOpal	hex
MaterialType	17	0x11	Bloodstone	hex
MaterialType	18	0x12	Carnelian	hex
MaterialType	19	0x13	Citrine	hex
MaterialType	20	0x14	Diamond	hex
MaterialType	21	0x15	Emerald	hex
MaterialType	22	0x16	FireOpal	hex
MaterialType	23	0x17	GreenGarnet	hex
MaterialType	24	0x18	GreenJade	hex
MaterialType	25	0x19	Hematite	hex
MaterialType	26	0x1A	ImperialTopaz	hex
MaterialType	27	0x1B	Jet	hex
MaterialType	28	0x1C	LapisLazuli	hex
MaterialType	29	0x1D	LavenderJade	hex
MaterialType	30	0x1E	Malachite	hex
MaterialType	31	0x1F	Moonstone	hex
MaterialType	32	0x20	Onyx	hex
MaterialType	33	0x21	Opal	hex
MaterialType	34	0x22	Peridot	hex
MaterialType	35	0x23	RedGarnet	hex
MaterialType	36	0x24	RedJade	hex
MaterialType	37	0x25	RoseQuartz	hex
MaterialType	38	0x26	Ruby	hex
MaterialType	39	0x27	Sapphire	hex
MaterialType	40	0x28	SmokeyQuartz	hex
MaterialType	41	0x29	Sunstone	hex
MaterialType	42	0x2A	TigerEye	hex
MaterialType	43	0x2B	Tourmaline	hex
MaterialType	44	0x2C	Turquoise	hex
MaterialType	45	0x2D	WhiteJade	hex
MaterialType	46	0x2E	WhiteQuartz	hex
MaterialType	47	0x2F	WhiteSapphire	hex
MaterialType	48	0x30	YellowGarnet	hex
MaterialType	49	0x31	YellowTopaz	hex
MaterialType	50	0x32	Zircon	hex
MaterialType	51	0x33	Ivory	hex
MaterialType	52	0x34	Leather	hex
MaterialType	53	0x35	ArmoredilloHide	hex
MaterialType	54	0x36	GromnieHide	hex
MaterialType	55	0x37	ReedSharkHide	hex
MaterialType	57	0x39	Brass	hex
MaterialType	58	0x3A	Bronze	hex
MaterialType	59	0x3B	Copper	hex
MaterialType	60	0x3C	Gold	hex
MaterialType	61	0x3D	Iron	hex
MaterialType	62	0x3E	Pyreal	hex
MaterialType	63	0x3F	Silver	hex
MaterialType	64	0x40	Steel	hex
MaterialType	66	0x42	Alabaster	hex
MaterialType	67	0x43	Granite	hex
MaterialType	68	0x44	Marble	hex
MaterialType	69	0x45	Obsidian	hex
MaterialType	70	0x46	Sandstone	hex
MaterialType	71	0x47	Serpentine	hex
MaterialType	73	0x49	Ebony	hex
MaterialType	74	0x4A	Mahogany	hex
MaterialType	75	0x4B	Oak	hex
MaterialType	76	0x4C	Pine	hex
MaterialType	77	0x4D	Teak	hex
MovementCommand	1	0x1	HoldRun	hex
MovementCommand	2	0x2	HoldSidestep	hex
MovementCommand	5	0x5	WalkForward	hex
MovementCommand	6	0x6	WalkBackwards	hex
MovementCommand	7	0x7	RunForward	hex
MovementCommand	13	0xD	TurnRight	hex
MovementCommand	14	0xE	TurnLeft	hex
MovementCommand	15	0xF	SideStepRight	hex
MovementCommand	16	0x10	SideStepLeft	hex
MovementOption	0	0x0	None	hex
MovementOption	1	0x1	StickToObject	hex
MovementOption	2	0x2	StandingLongJump	hex
MovementType	0	0x0	InterpertedMotionState	hex
MovementType	6	0x6	MoveToObject	hex
MovementType	7	0x7	MoveToPosition	hex
MovementType	8	0x8	TurnToObject	hex
MovementType	9	0x9	TurnToPosition	hex
NetAuthType	0	0x0	Undef	dec (unverified)
NetAuthType	1	0x1	Account	dec (unverified)
NetAuthType	2	0x2	AccountPassword	dec (unverified)
NetAuthType	40000002	0x2625A02	GlsTicket	dec (unverified)
ObjectDescriptionFlag	1	0x1	Openable	hex (mask attr)
ObjectDescriptionFlag	2	0x2	Inscribable	hex (mask attr)
ObjectDescriptionFlag	4	0x4	Stuck	hex (mask attr)
ObjectDescriptionFlag	8	0x8	Player	hex (mask attr)
ObjectDescriptionFlag	16	0x10	Attackable	hex (mask attr)
ObjectDescriptionFlag	32	0x20	PlayerKiller	hex (mask attr)
ObjectDescriptionFlag	64	0x40	HiddenAdmin	hex (mask attr)
ObjectDescriptionFlag	128	0x80	UiHidden	hex (mask attr)
ObjectDescriptionFlag	256	0x100	Book	hex (mask attr)
ObjectDescriptionFlag	512	0x200	Vendor	hex (mask attr)
ObjectDescriptionFlag	1024	0x400	PkSwitch	hex (mask attr)
ObjectDescriptionFlag	2048	0x800	NpkSwitch	hex (mask attr)
ObjectDescriptionFlag	4096	0x1000	Door	hex (mask attr)
ObjectDescriptionFlag	8192	0x2000	Corpse	hex (mask attr)
ObjectDescriptionFlag	16384	0x4000	LifeStone	hex (mask attr)
ObjectDescriptionFlag	32768	0x8000	Food	hex (mask attr)
ObjectDescriptionFlag	65536	0x10000	Healer	hex (mask attr)
ObjectDescriptionFlag	131072	0x20000	Lockpick	hex (mask attr)
ObjectDescriptionFlag	262144	0x40000	Portal	hex (mask attr)
ObjectDescriptionFlag	1048576	0x100000	Admin	hex (mask attr)
ObjectDescriptionFlag	2097152	0x200000	FreePkStatus	hex (mask attr)
ObjectDescriptionFlag	4194304	0x400000	ImmuneCellRestrictions	hex (mask attr)
ObjectDescriptionFlag	8388608	0x800000	RequiresPackSlot	hex (mask attr)
ObjectDescriptionFlag	16777216	0x1000000	Retained	hex (mask attr)
ObjectDescriptionFlag	33554432	0x2000000	PkLiteStatus	hex (mask attr)
ObjectDescriptionFlag	67108864	0x4000000	IncludesSecondHeader	hex (mask attr)
ObjectDescriptionFlag	134217728	0x8000000	BindStone	hex (mask attr)
ObjectDescriptionFlag	268435456	0x10000000	VolatileRare	hex (mask attr)
ObjectDescriptionFlag	536870912	0x20000000	WieldOnUse	hex (mask attr)
ObjectDescriptionFlag	1073741824	0x40000000	WieldLeft	hex (mask attr)
PacketHeaderFlags	0	0x0	None	hex (mask attr)
PacketHeaderFlags	1	0x1	Retransmission	hex (mask attr)
PacketHeaderFlags	2	0x2	EncryptedChecksum	hex (mask attr)
PacketHeaderFlags	4	0x4	BlobFragments	hex (mask attr)
PacketHeaderFlags	256	0x100	ServerSwitch	hex (mask attr)
PacketHeaderFlags	512	0x200	LogonServerAddr	hex (mask attr)
PacketHeaderFlags	1024	0x400	EmptyHeader1	hex (mask attr)
PacketHeaderFlags	2048	0x800	Referral	hex (mask attr)
PacketHeaderFlags	4096	0x1000	RequestRetransmit	hex (mask attr)
PacketHeaderFlags	8192	0x2000	RejectRetransmit	hex (mask attr)
PacketHeaderFlags	16384	0x4000	AckSequence	hex (mask attr)
PacketHeaderFlags	32768	0x8000	Disconnect	hex (mask attr)
PacketHeaderFlags	65536	0x10000	LoginRequest	hex (mask attr)
PacketHeaderFlags	131072	0x20000	WorldLoginRequest	hex (mask attr)
PacketHeaderFlags	262144	0x40000	ConnectRequest	hex (mask attr)
PacketHeaderFlags	524288	0x80000	ConnectResponse	hex (mask attr)
PacketHeaderFlags	1048576	0x100000	NetError	hex (mask attr)
PacketHeaderFlags	2097152	0x200000	NetErrorDisconnect	hex (mask attr)
PacketHeaderFlags	4194304	0x400000	CICMDCommand	hex (mask attr)
PacketHeaderFlags	16777216	0x1000000	TimeSync	hex (mask attr)
PacketHeaderFlags	33554432	0x2000000	EchoRequest	hex (mask attr)
PacketHeaderFlags	67108864	0x4000000	EchoResponse	hex (mask attr)
PacketHeaderFlags	134217728	0x8000000	Flow	hex (mask attr)
PaletteTemplate	0	0x0	Undef	dec
PaletteTemplate	1	0x1	AquaBlue	dec
PaletteTemplate	2	0x2	Blue	dec
PaletteTemplate	3	0x3	BluePurple	dec
PaletteTemplate	4	0x4	Brown	dec
PaletteTemplate	5	0x5	DarkBlue	dec
PaletteTemplate	6	0x6	DeepBrown	dec
PaletteTemplate	7	0x7	DeepGreen	dec
PaletteTemplate	8	0x8	Green	dec
PaletteTemplate	9	0x9	Grey	dec
PaletteTemplate	10	0xA	LightBlue	dec
PaletteTemplate	11	0xB	Maroon	dec
PaletteTemplate	12	0xC	Navy	dec
PaletteTemplate	13	0xD	Purple	dec
PaletteTemplate	14	0xE	Red	dec
PaletteTemplate	15	0xF	RedPurple	dec
PaletteTemplate	16	0x10	Rose	dec
PaletteTemplate	17	0x11	Yellow	dec
PaletteTemplate	18	0x12	YellowBrown	dec
PaletteTemplate	19	0x13	Copper	dec
PaletteTemplate	20	0x14	Silver	dec
PaletteTemplate	21	0x15	Gold	dec
PaletteTemplate	22	0x16	Aqua	dec
PaletteTemplate	23	0x17	DarkAquaMetal	dec
PaletteTemplate	24	0x18	DarkBlueMetal	dec
PaletteTemplate	25	0x19	DarkCopperMetal	dec
PaletteTemplate	26	0x1A	DarkGoldMetal	dec
PaletteTemplate	27	0x1B	DarkGreenMetal	dec
PaletteTemplate	28	0x1C	DarkPurpleMetal	dec
PaletteTemplate	29	0x1D	DarkRedMetal	dec
PaletteTemplate	30	0x1E	DarkSilverMetal	dec
PaletteTemplate	31	0x1F	LightAquaMetal	dec
PaletteTemplate	32	0x20	LightBlueMetal	dec
PaletteTemplate	33	0x21	LightCopperMetal	dec
PaletteTemplate	34	0x22	LightGoldMetal	dec
PaletteTemplate	35	0x23	LightGreenMetal	dec
PaletteTemplate	36	0x24	LightPurpleMetal	dec
PaletteTemplate	37	0x25	LightRedMetal	dec
PaletteTemplate	38	0x26	LightSilverMetal	dec
PaletteTemplate	39	0x27	Black	dec
PaletteTemplate	40	0x28	Bronze	dec
PaletteTemplate	41	0x29	SandyYellow	dec
PaletteTemplate	42	0x2A	DarkBrown	dec
PaletteTemplate	43	0x2B	LightBrown	dec
PaletteTemplate	44	0x2C	TanRed	dec
PaletteTemplate	45	0x2D	PaleGreen	dec
PaletteTemplate	46	0x2E	Tan	dec
PaletteTemplate	47	0x2F	PastyYellow	dec
PaletteTemplate	48	0x30	SnowyWhite	dec
PaletteTemplate	49	0x31	RuddyYellow	dec
PaletteTemplate	50	0x32	RuddierYellow	dec
PaletteTemplate	51	0x33	MidGrey	dec
PaletteTemplate	52	0x34	DarkGrey	dec
PaletteTemplate	53	0x35	BlueDullSilver	dec
PaletteTemplate	54	0x36	YellowPaleSilver	dec
PaletteTemplate	55	0x37	BrownBlueDark	dec
PaletteTemplate	56	0x38	BrownBlueMed	dec
PaletteTemplate	57	0x39	GreenSilver	dec
PaletteTemplate	58	0x3A	BrownGreen	dec
PaletteTemplate	59	0x3B	YellowGreen	dec
PaletteTemplate	60	0x3C	PalePurple	dec
PaletteTemplate	61	0x3D	White	dec
PaletteTemplate	62	0x3E	RedBrown	dec
PaletteTemplate	63	0x3F	GreenBrown	dec
PaletteTemplate	64	0x40	OrangeBrown	dec
PaletteTemplate	65	0x41	PaleGreenBrown	dec
PaletteTemplate	66	0x42	PaleOrange	dec
PaletteTemplate	67	0x43	GreenSlime	dec
PaletteTemplate	68	0x44	BlueSlime	dec
PaletteTemplate	69	0x45	YellowSlime	dec
PaletteTemplate	70	0x46	PurpleSlime	dec
PaletteTemplate	71	0x47	DullRed	dec
PaletteTemplate	72	0x48	GreyWhite	dec
PaletteTemplate	73	0x49	MediumGrey	dec
PaletteTemplate	74	0x4A	DullGreen	dec
PaletteTemplate	75	0x4B	OliveGreen	dec
PaletteTemplate	76	0x4C	Orange	dec
PaletteTemplate	77	0x4D	BlueGreen	dec
PaletteTemplate	78	0x4E	Olive	dec
PaletteTemplate	79	0x4F	Lead	dec
PaletteTemplate	80	0x50	Iron	dec
PaletteTemplate	81	0x51	LiteGreen	dec
PaletteTemplate	82	0x52	PinkPurple	dec
PaletteTemplate	83	0x53	Amber	dec
PaletteTemplate	84	0x54	DyeDarkGreen	dec
PaletteTemplate	85	0x55	DyeDarkRed	dec
PaletteTemplate	86	0x56	DyeDarkYellow	dec
PaletteTemplate	87	0x57	DyeBotched	dec
PaletteTemplate	88	0x58	DyeWinterBlue	dec
PaletteTemplate	89	0x59	DyeWinterGreen	dec
PaletteTemplate	90	0x5A	DyeWinterSilver	dec
PaletteTemplate	91	0x5B	DyeSpringBlue	dec
PaletteTemplate	92	0x5C	DyeSpringPurple	dec
PaletteTemplate	93	0x5D	DyeSpringBlack	dec
ParentLocation	0	0x0	None	hex
ParentLocation	1	0x1	RightHand	hex
ParentLocation	2	0x2	LeftHand	hex
ParentLocation	3	0x3	Shield	hex
ParentLocation	4	0x4	Belt	hex
ParentLocation	5	0x5	Quiver	hex
ParentLocation	6	0x6	Hearldry	hex
ParentLocation	7	0x7	Mouth	hex
ParentLocation	8	0x8	LeftWeapon	hex
ParentLocation	9	0x9	LeftUnarmed	hex
PhysicsState	0	0x0	None	hex (mask attr)
PhysicsState	1	0x1	Static	hex (mask attr)
PhysicsState	4	0x4	Ethereal	hex (mask attr)
PhysicsState	8	0x8	ReportCollision	hex (mask attr)
PhysicsState	16	0x10	IgnoreCollision	hex (mask attr)
PhysicsState	32	0x20	NoDraw	hex (mask attr)
PhysicsState	64	0x40	Missle	hex (mask attr)
PhysicsState	128	0x80	Pushable	hex (mask attr)
PhysicsState	256	0x100	AlignPath	hex (mask attr)
PhysicsState	512	0x200	PathClipped	hex (mask attr)
PhysicsState	1024	0x400	Gravity	hex (mask attr)
PhysicsState	2048	0x800	LightingOn	hex (mask attr)
PhysicsState	4096	0x1000	ParticleEmitter	hex (mask attr)
PhysicsState	16384	0x4000	Hidden	hex (mask attr)
PhysicsState	32768	0x8000	ScriptedCollision	hex (mask attr)
PhysicsState	65536	0x10000	HasPhysicsBsp	hex (mask attr)
PhysicsState	131072	0x20000	Inelastic	hex (mask attr)
PhysicsState	262144	0x40000	HasDefaultAnim	hex (mask attr)
PhysicsState	524288	0x80000	HasDefaultScript	hex (mask attr)
PhysicsState	1048576	0x100000	Cloaked	hex (mask attr)
PhysicsState	2097152	0x200000	ReportCollisionAsEnvironment	hex (mask attr)
PhysicsState	4194304	0x400000	EdgeSlide	hex (mask attr)
PhysicsState	8388608	0x800000	Sledding	hex (mask attr)
PhysicsState	16777216	0x1000000	Frozen	hex (mask attr)
Placement	0	0x0	Default	hex
Placement	1	0x1	RightHandCombat	hex
Placement	2	0x2	RightHandNonCombat	hex
Placement	3	0x3	LeftHand	hex
Placement	4	0x4	Belt	hex
Placement	5	0x5	Quiver	hex
Placement	6	0x6	Shield	hex
Placement	7	0x7	LeftWeapon	hex
Placement	8	0x8	LeftUnarmed	hex
Placement	10	0xA	XXXUnknownA	hex
Placement	15	0xF	XXXUnknownF	hex
Placement	20	0x14	XXXUnknown14	hex
Placement	30	0x1E	XXXUnknown1E	hex
Placement	32	0x20	XXXUnknown20	hex
Placement	51	0x33	SpecialCrowssbowBolt	hex
Placement	52	0x34	MissileFlight	hex
Placement	60	0x3C	XXXUnknown3C	hex
Placement	99	0x63	XXXUnknown63	hex
Placement	101	0x65	Resting	hex
Placement	102	0x66	Other	hex
Placement	103	0x67	Hook	hex
Placement	104	0x68	XXXUnknown68	hex
Placement	105	0x69	XXXUnknown69	hex
Placement	106	0x6A	XXXUnknown6A	hex
Placement	120	0x78	XXXUnknown78	hex
Placement	121	0x79	Random1	hex
Placement	122	0x7A	Random2	hex
Placement	123	0x7B	Random3	hex
Placement	124	0x7C	Random4	hex
Placement	125	0x7D	Random5	hex
Placement	126	0x7E	Random6	hex
Placement	127	0x7F	Random7	hex
Placement	128	0x80	Random8	hex
Placement	129	0x81	Random9	hex
Placement	130	0x82	Random10	hex
Placement	132	0x84	XXXUnknown84	hex
Placement	240	0xF0	XXXUnknownF0	hex
Placement	1010	0x3F2	XXXUnknown3F2	hex
PlayerKillerStatus	0	0x0	Undef	hex
PlayerKillerStatus	1	0x1	Protected	hex
PlayerKillerStatus	2	0x2	NPK	hex
PlayerKillerStatus	4	0x4	PK	hex
PlayerKillerStatus	8	0x8	Unprotected	hex
PlayerKillerStatus	16	0x10	RubberGlue	hex
PlayerKillerStatus	32	0x20	Free	hex
PlayerKillerStatus	64	0x40	PKLite	hex
PortalBitmask	0	0x0	Undef	hex (power-of-two)
PortalBitmask	0	0x0	NotPassable	hex (power-of-two)
PortalBitmask	1	0x1	Unrestricted	hex (power-of-two)
PortalBitmask	2	0x2	NoPk	hex (power-of-two)
PortalBitmask	4	0x4	NoPKLite	hex (power-of-two)
PortalBitmask	8	0x8	NoNPK	hex (power-of-two)
PortalBitmask	16	0x10	NoSummon	hex (power-of-two)
PortalBitmask	32	0x20	NoRecall	hex (power-of-two)
PortalBitmask	64	0x40	OnlyOlthoiPCs	hex (power-of-two)
PortalBitmask	128	0x80	NoOlthoiPCs	hex (power-of-two)
PortalBitmask	256	0x100	NoVitae	hex (power-of-two)
PortalBitmask	512	0x200	NoNewAccounts	hex (power-of-two)
PositionFlags	1	0x1	HasVelocity	hex (mask attr)
PositionFlags	2	0x2	HasPlacementId	hex (mask attr)
PositionFlags	4	0x4	IsGrounded	hex (mask attr)
PositionFlags	8	0x8	OrientationHasNoW	hex (mask attr)
PositionFlags	16	0x10	OrientationHasNoX	hex (mask attr)
PositionFlags	32	0x20	OrientationHasNoY	hex (mask attr)
PositionFlags	64	0x40	OrientationHasNoZ	hex (mask attr)
PropertyAttribute2nd	0	0x0	Undef	hex
PropertyAttribute2nd	1	0x1	MaxHealth	hex
PropertyAttribute2nd	2	0x2	Health	hex
PropertyAttribute2nd	3	0x3	MaxStamina	hex
PropertyAttribute2nd	4	0x4	Stamina	hex
PropertyAttribute2nd	5	0x5	MaxMana	hex
PropertyAttribute2nd	6	0x6	Mana	hex
PropertyBool	0	0x0	Undef	dec
PropertyBool	1	0x1	Stuck	dec
PropertyBool	2	0x2	Open	dec
PropertyBool	3	0x3	Locked	dec
PropertyBool	4	0x4	RotProof	dec
PropertyBool	5	0x5	AllegianceUpdateRequest	dec
PropertyBool	6	0x6	AiUsesMana	dec
PropertyBool	7	0x7	AiUseHumanMagicAnimations	dec
PropertyBool	8	0x8	AllowGive	dec
PropertyBool	9	0x9	CurrentlyAttacking	dec
PropertyBool	10	0xA	AttackerAi	dec
PropertyBool	11	0xB	IgnoreCollisions	dec
PropertyBool	12	0xC	ReportCollisions	dec
PropertyBool	13	0xD	Ethereal	dec
PropertyBool	14	0xE	GravityStatus	dec
PropertyBool	15	0xF	LightsStatus	dec
PropertyBool	16	0x10	ScriptedCollision	dec
PropertyBool	17	0x11	Inelastic	dec
PropertyBool	18	0x12	Visibility	dec
PropertyBool	19	0x13	Attackable	dec
PropertyBool	20	0x14	SafeSpellComponents	dec
PropertyBool	21	0x15	AdvocateState	dec
PropertyBool	22	0x16	Inscribable	dec
PropertyBool	23	0x17	DestroyOnSell	dec
PropertyBool	24	0x18	UiHidden	dec
PropertyBool	25	0x19	IgnoreHouseBarriers	dec
PropertyBool	26	0x1A	HiddenAdmin	dec
PropertyBool	27	0x1B	PkWounder	dec
PropertyBool	28	0x1C	PkKiller	dec
PropertyBool	29	0x1D	NoCorpse	dec
PropertyBool	30	0x1E	UnderLifestoneProtection	dec
PropertyBool	31	0x1F	ItemManaUpdatePending	dec
PropertyBool	32	0x20	GeneratorStatus	dec
PropertyBool	33	0x21	ResetMessagePending	dec
PropertyBool	34	0x22	DefaultOpen	dec
PropertyBool	35	0x23	DefaultLocked	dec
PropertyBool	36	0x24	DefaultOn	dec
PropertyBool	37	0x25	OpenForBusiness	dec
PropertyBool	38	0x26	IsFrozen	dec
PropertyBool	39	0x27	DealMagicalItems	dec
PropertyBool	40	0x28	LogoffImDead	dec
PropertyBool	41	0x29	ReportCollisionsAsEnvironment	dec
PropertyBool	42	0x2A	AllowEdgeSlide	dec
PropertyBool	43	0x2B	AdvocateQuest	dec
PropertyBool	44	0x2C	IsAdmin	dec
PropertyBool	45	0x2D	IsArch	dec
PropertyBool	46	0x2E	IsSentinel	dec
PropertyBool	47	0x2F	IsAdvocate	dec
PropertyBool	48	0x30	CurrentlyPoweringUp	dec
PropertyBool	49	0x31	GeneratorEnteredWorld	dec
PropertyBool	50	0x32	NeverFailCasting	dec
PropertyBool	51	0x33	VendorService	dec
PropertyBool	52	0x34	AiImmobile	dec
PropertyBool	53	0x35	DamagedByCollisions	dec
PropertyBool	54	0x36	IsDynamic	dec
PropertyBool	55	0x37	IsHot	dec
PropertyBool	56	0x38	IsAffecting	dec
PropertyBool	57	0x39	AffectsAis	dec
PropertyBool	58	0x3A	SpellQueueActive	dec
PropertyBool	59	0x3B	GeneratorDisabled	dec
PropertyBool	60	0x3C	IsAcceptingTells	dec
PropertyBool	61	0x3D	LoggingChannel	dec
PropertyBool	62	0x3E	OpensAnyLock	dec
PropertyBool	63	0x3F	UnlimitedUse	dec
PropertyBool	64	0x40	GeneratedTreasureItem	dec
PropertyBool	65	0x41	IgnoreMagicResist	dec
PropertyBool	66	0x42	IgnoreMagicArmor	dec
PropertyBool	67	0x43	AiAllowTrade	dec
PropertyBool	68	0x44	SpellComponentsRequired	dec
PropertyBool	69	0x45	IsSellable	dec
PropertyBool	70	0x46	IgnoreShieldsBySkill	dec
PropertyBool	71	0x47	NoDraw	dec
PropertyBool	72	0x48	ActivationUntargeted	dec
PropertyBool	73	0x49	HouseHasGottenPriorityBootPos	dec
PropertyBool	74	0x4A	GeneratorAutomaticDestruction	dec
PropertyBool	75	0x4B	HouseHooksVisible	dec
PropertyBool	76	0x4C	HouseRequiresMonarch	dec
PropertyBool	77	0x4D	HouseHooksEnabled	dec
PropertyBool	78	0x4E	HouseNotifiedHudOfHookCount	dec
PropertyBool	79	0x4F	AiAcceptEverything	dec
PropertyBool	80	0x50	IgnorePortalRestrictions	dec
PropertyBool	81	0x51	RequiresBackpackSlot	dec
PropertyBool	82	0x52	DontTurnOrMoveWhenGiving	dec
PropertyBool	83	0x53	NpcLooksLikeObject	dec
PropertyBool	84	0x54	IgnoreCloIcons	dec
PropertyBool	85	0x55	AppraisalHasAllowedWielder	dec
PropertyBool	86	0x56	ChestRegenOnClose	dec
PropertyBool	87	0x57	LogoffInMinigame	dec
PropertyBool	88	0x58	PortalShowDestination	dec
PropertyBool	89	0x59	PortalIgnoresPkAttackTimer	dec
PropertyBool	90	0x5A	NpcInteractsSilently	dec
PropertyBool	91	0x5B	Retained	dec
PropertyBool	92	0x5C	IgnoreAuthor	dec
PropertyBool	93	0x5D	Limbo	dec
PropertyBool	94	0x5E	AppraisalHasAllowedActivator	dec
PropertyBool	95	0x5F	ExistedBeforeAllegianceXpChanges	dec
PropertyBool	96	0x60	IsDeaf	dec
PropertyBool	97	0x61	IsPsr	dec
PropertyBool	98	0x62	Invincible	dec
PropertyBool	99	0x63	Ivoryable	dec
PropertyBool	100	0x64	Dyable	dec
PropertyBool	101	0x65	CanGenerateRare	dec
PropertyBool	102	0x66	CorpseGeneratedRare	dec
PropertyBool	103	0x67	NonProjectileMagicImmune	dec
PropertyBool	104	0x68	ActdReceivedItems	dec
PropertyBool	105	0x69	Unknown105	dec
PropertyBool	106	0x6A	FirstEnterWorldDone	dec
PropertyBool	107	0x6B	RecallsDisabled	dec
PropertyBool	108	0x6C	RareUsesTimer	dec
PropertyBool	109	0x6D	ActdPreorderReceivedItems	dec
PropertyBool	110	0x6E	Afk	dec
PropertyBool	111	0x6F	IsGagged	dec
PropertyBool	112	0x70	ProcSpellSelfTargeted	dec
PropertyBool	113	0x71	IsAllegianceGagged	dec
PropertyBool	114	0x72	EquipmentSetTriggerPiece	dec
PropertyBool	115	0x73	Uninscribe	dec
PropertyBool	116	0x74	WieldOnUse	dec
PropertyBool	117	0x75	ChestClearedWhenClosed	dec
PropertyBool	118	0x76	NeverAttack	dec
PropertyBool	119	0x77	SuppressGenerateEffect	dec
PropertyBool	120	0x78	TreasureCorpse	dec
PropertyBool	121	0x79	EquipmentSetAddLevel	dec
PropertyBool	122	0x7A	BarberActive	dec
PropertyBool	123	0x7B	TopLayerPriority	dec
PropertyBool	124	0x7C	NoHeldItemShown	dec
PropertyBool	125	0x7D	LoginAtLifestone	dec
PropertyBool	126	0x7E	OlthoiPk	dec
PropertyBool	127	0x7F	Account15Days	dec
PropertyBool	128	0x80	HadNoVitae	dec
PropertyBool	129	0x81	NoOlthoiTalk	dec
PropertyBool	130	0x82	AutowieldLeft	dec
PropertyDataId	1	0x1	Setup	dec
PropertyDataId	2	0x2	MotionTable	dec
PropertyDataId	3	0x3	SoundTable	dec
PropertyDataId	4	0x4	CombatTable	dec
PropertyDataId	5	0x5	QualityFilter	dec
PropertyDataId	6	0x6	PaletteBase	dec
PropertyDataId	7	0x7	ClothingBase	dec
PropertyDataId	8	0x8	Icon	dec
PropertyDataId	9	0x9	EyesTexture	dec
PropertyDataId	10	0xA	NoseTexture	dec
PropertyDataId	11	0xB	MouthTexture	dec
PropertyDataId	12	0xC	DefaultEyesTexture	dec
PropertyDataId	13	0xD	DefaultNoseTexture	dec
PropertyDataId	14	0xE	DefaultMouthTexture	dec
PropertyDataId	15	0xF	HairPalette	dec
PropertyDataId	16	0x10	EyesPalette	dec
PropertyDataId	17	0x11	SkinPalette	dec
PropertyDataId	18	0x12	HeadObject	dec
PropertyDataId	19	0x13	ActivationAnimation	dec
PropertyDataId	20	0x14	InitMotion	dec
PropertyDataId	21	0x15	ActivationSound	dec
PropertyDataId	22	0x16	PhysicsEffectTable	dec
PropertyDataId	23	0x17	UseSound	dec
PropertyDataId	24	0x18	UseTargetAnimation	dec
PropertyDataId	25	0x19	UseTargetSuccessAnimation	dec
PropertyDataId	26	0x1A	UseTargetFailureAnimation	dec
PropertyDataId	27	0x1B	UseUserAnimation	dec
PropertyDataId	28	0x1C	Spell	dec
PropertyDataId	29	0x1D	SpellComponent	dec
PropertyDataId	30	0x1E	PhysicsScript	dec
PropertyDataId	31	0x1F	LinkedPortalOne	dec
PropertyDataId	32	0x20	WieldedTreasureType	dec
PropertyDataId	33	0x21	InventoryTreasureType	dec
PropertyDataId	34	0x22	ShopTreasureType	dec
PropertyDataId	35	0x23	DeathTreasureType	dec
PropertyDataId	36	0x24	MutateFilter	dec
PropertyDataId	37	0x25	ItemSkillLimit	dec
PropertyDataId	38	0x26	UseCreateItem	dec
PropertyDataId	39	0x27	DeathSpell	dec
PropertyDataId	40	0x28	VendorsClassId	dec
PropertyDataId	41	0x29	ItemSpecializedOnly	dec
PropertyDataId	42	0x2A	HouseId	dec
PropertyDataId	43	0x2B	AccountHouseId	dec
PropertyDataId	44	0x2C	RestrictionEffect	dec
PropertyDataId	45	0x2D	CreationMutationFilter	dec
PropertyDataId	46	0x2E	TsysMutationFilter	dec
PropertyDataId	47	0x2F	LastPortal	dec
PropertyDataId	48	0x30	LinkedPortalTwo	dec
PropertyDataId	49	0x31	OriginalPortal	dec
PropertyDataId	50	0x32	IconOverlay	dec
PropertyDataId	51	0x33	IconOverlaySecondary	dec
PropertyDataId	52	0x34	IconUnderlay	dec
PropertyDataId	53	0x35	AugmentationMutationFilter	dec
PropertyDataId	54	0x36	AugmentationEffect	dec
PropertyDataId	55	0x37	ProcSpell	dec
PropertyDataId	56	0x38	AugmentationCreateItem	dec
PropertyDataId	57	0x39	AlternateCurrency	dec
PropertyDataId	58	0x3A	BlueSurgeSpell	dec
PropertyDataId	59	0x3B	YellowSurgeSpell	dec
PropertyDataId	60	0x3C	RedSurgeSpell	dec
PropertyDataId	61	0x3D	OlthoiDeathTreasureType	dec
PropertyFloat	0	0x0	Undef	dec
PropertyFloat	1	0x1	HeartbeatInterval	dec
PropertyFloat	2	0x2	HeartbeatTimestamp	dec
PropertyFloat	3	0x3	HealthRate	dec
PropertyFloat	4	0x4	StaminaRate	dec
PropertyFloat	5	0x5	ManaRate	dec
PropertyFloat	6	0x6	HealthUponResurrection	dec
PropertyFloat	7	0x7	StaminaUponResurrection	dec
PropertyFloat	8	0x8	ManaUponResurrection	dec
PropertyFloat	9	0x9	StartTime	dec
PropertyFloat	10	0xA	StopTime	dec
PropertyFloat	11	0xB	ResetInterval	dec
PropertyFloat	12	0xC	Shade	dec
PropertyFloat	13	0xD	ArmorModVsSlash	dec
PropertyFloat	14	0xE	ArmorModVsPierce	dec
PropertyFloat	15	0xF	ArmorModVsBludgeon	dec
PropertyFloat	16	0x10	ArmorModVsCold	dec
PropertyFloat	17	0x11	ArmorModVsFire	dec
PropertyFloat	18	0x12	ArmorModVsAcid	dec
PropertyFloat	19	0x13	ArmorModVsElectric	dec
PropertyFloat	20	0x14	CombatSpeed	dec
PropertyFloat	21	0x15	WeaponLength	dec
PropertyFloat	22	0x16	DamageVariance	dec
PropertyFloat	23	0x17	CurrentPowerMod	dec
PropertyFloat	24	0x18	AccuracyMod	dec
PropertyFloat	25	0x19	StrengthMod	dec
PropertyFloat	26	0x1A	MaximumVelocity	dec
PropertyFloat	27	0x1B	RotationSpeed	dec
PropertyFloat	28	0x1C	MotionTimestamp	dec
PropertyFloat	29	0x1D	WeaponDefense	dec
PropertyFloat	30	0x1E	WimpyLevel	dec
PropertyFloat	31	0x1F	VisualAwarenessRange	dec
PropertyFloat	32	0x20	AuralAwarenessRange	dec
PropertyFloat	33	0x21	PerceptionLevel	dec
PropertyFloat	34	0x22	PowerupTime	dec
PropertyFloat	35	0x23	MaxChargeDistance	dec
PropertyFloat	36	0x24	ChargeSpeed	dec
PropertyFloat	37	0x25	BuyPrice	dec
PropertyFloat	38	0x26	SellPrice	dec
PropertyFloat	39	0x27	DefaultScale	dec
PropertyFloat	40	0x28	LockpickMod	dec
PropertyFloat	41	0x29	RegenerationInterval	dec
PropertyFloat	42	0x2A	RegenerationTimestamp	dec
PropertyFloat	43	0x2B	GeneratorRadius	dec
PropertyFloat	44	0x2C	TimeToRot	dec
PropertyFloat	45	0x2D	DeathTimestamp	dec
PropertyFloat	46	0x2E	PkTimestamp	dec
PropertyFloat	47	0x2F	VictimTimestamp	dec
PropertyFloat	48	0x30	LoginTimestamp	dec
PropertyFloat	49	0x31	CreationTimestamp	dec
PropertyFloat	50	0x32	MinimumTimeSincePk	dec
PropertyFloat	51	0x33	DeprecatedHousekeepingPriority	dec
PropertyFloat	52	0x34	AbuseLoggingTimestamp	dec
PropertyFloat	53	0x35	LastPortalTeleportTimestamp	dec
PropertyFloat	54	0x36	UseRadius	dec
PropertyFloat	55	0x37	HomeRadius	dec
PropertyFloat	56	0x38	ReleasedTimestamp	dec
PropertyFloat	57	0x39	MinHomeRadius	dec
PropertyFloat	58	0x3A	Facing	dec
PropertyFloat	59	0x3B	ResetTimestamp	dec
PropertyFloat	60	0x3C	LogoffTimestamp	dec
PropertyFloat	61	0x3D	EconRecoveryInterval	dec
PropertyFloat	62	0x3E	WeaponOffense	dec
PropertyFloat	63	0x3F	DamageMod	dec
PropertyFloat	64	0x40	ResistSlash	dec
PropertyFloat	65	0x41	ResistPierce	dec
PropertyFloat	66	0x42	ResistBludgeon	dec
PropertyFloat	67	0x43	ResistFire	dec
PropertyFloat	68	0x44	ResistCold	dec
PropertyFloat	69	0x45	ResistAcid	dec
PropertyFloat	70	0x46	ResistElectric	dec
PropertyFloat	71	0x47	ResistHealthBoost	dec
PropertyFloat	72	0x48	ResistStaminaDrain	dec
PropertyFloat	73	0x49	ResistStaminaBoost	dec
PropertyFloat	74	0x4A	ResistManaDrain	dec
PropertyFloat	75	0x4B	ResistManaBoost	dec
PropertyFloat	76	0x4C	Translucency	dec
PropertyFloat	77	0x4D	PhysicsScriptIntensity	dec
PropertyFloat	78	0x4E	Friction	dec
PropertyFloat	79	0x4F	Elasticity	dec
PropertyFloat	80	0x50	AiUseMagicDelay	dec
PropertyFloat	81	0x51	ItemMinSpellcraftMod	dec
PropertyFloat	82	0x52	ItemMaxSpellcraftMod	dec
PropertyFloat	83	0x53	ItemRankProbability	dec
PropertyFloat	84	0x54	Shade2	dec
PropertyFloat	85	0x55	Shade3	dec
PropertyFloat	86	0x56	Shade4	dec
PropertyFloat	87	0x57	ItemEfficiency	dec
PropertyFloat	88	0x58	ItemManaUpdateTimestamp	dec
PropertyFloat	89	0x59	SpellGestureSpeedMod	dec
PropertyFloat	90	0x5A	SpellStanceSpeedMod	dec
PropertyFloat	91	0x5B	AllegianceAppraisalTimestamp	dec
PropertyFloat	92	0x5C	PowerLevel	dec
PropertyFloat	93	0x5D	AccuracyLevel	dec
PropertyFloat	94	0x5E	AttackAngle	dec
PropertyFloat	95	0x5F	AttackTimestamp	dec
PropertyFloat	96	0x60	CheckpointTimestamp	dec
PropertyFloat	97	0x61	SoldTimestamp	dec
PropertyFloat	98	0x62	UseTimestamp	dec
PropertyFloat	99	0x63	UseLockTimestamp	dec
PropertyFloat	100	0x64	HealkitMod	dec
PropertyFloat	101	0x65	FrozenTimestamp	dec
PropertyFloat	102	0x66	HealthRateMod	dec
PropertyFloat	103	0x67	AllegianceSwearTimestamp	dec
PropertyFloat	104	0x68	ObviousRadarRange	dec
PropertyFloat	105	0x69	HotspotCycleTime	dec
PropertyFloat	106	0x6A	HotspotCycleTimeVariance	dec
PropertyFloat	107	0x6B	SpamTimestamp	dec
PropertyFloat	108	0x6C	SpamRate	dec
PropertyFloat	109	0x6D	BondWieldedTreasure	dec
PropertyFloat	110	0x6E	BulkMod	dec
PropertyFloat	111	0x6F	SizeMod	dec
PropertyFloat	112	0x70	GagTimestamp	dec
PropertyFloat	113	0x71	GeneratorUpdateTimestamp	dec
PropertyFloat	114	0x72	DeathSpamTimestamp	dec
PropertyFloat	115	0x73	DeathSpamRate	dec
PropertyFloat	116	0x74	WildAttackProbability	dec
PropertyFloat	117	0x75	FocusedProbability	dec
PropertyFloat	118	0x76	CrashAndTurnProbability	dec
PropertyFloat	119	0x77	CrashAndTurnRadius	dec
PropertyFloat	120	0x78	CrashAndTurnBias	dec
PropertyFloat	121	0x79	GeneratorInitialDelay	dec
PropertyFloat	122	0x7A	AiAcquireHealth	dec
PropertyFloat	123	0x7B	AiAcquireStamina	dec
PropertyFloat	124	0x7C	AiAcquireMana	dec
PropertyFloat	125	0x7D	ResistHealthDrain	dec
PropertyFloat	126	0x7E	LifestoneProtectionTimestamp	dec
PropertyFloat	127	0x7F	AiCounteractEnchantment	dec
PropertyFloat	128	0x80	AiDispelEnchantment	dec
PropertyFloat	129	0x81	TradeTimestamp	dec
PropertyFloat	130	0x82	AiTargetedDetectionRadius	dec
PropertyFloat	131	0x83	EmotePriority	dec
PropertyFloat	132	0x84	LastTeleportStartTimestamp	dec
PropertyFloat	133	0x85	EventSpamTimestamp	dec
PropertyFloat	134	0x86	EventSpamRate	dec
PropertyFloat	135	0x87	InventoryOffset	dec
PropertyFloat	136	0x88	CriticalMultiplier	dec
PropertyFloat	137	0x89	ManaStoneDestroyChance	dec
PropertyFloat	138	0x8A	SlayerDamageBonus	dec
PropertyFloat	139	0x8B	AllegianceInfoSpamTimestamp	dec
PropertyFloat	140	0x8C	AllegianceInfoSpamRate	dec
PropertyFloat	141	0x8D	NextSpellcastTimestamp	dec
PropertyFloat	142	0x8E	AppraisalRequestedTimestamp	dec
PropertyFloat	143	0x8F	AppraisalHeartbeatDueTimestamp	dec
PropertyFloat	144	0x90	ManaConversionMod	dec
PropertyFloat	145	0x91	LastPkAttackTimestamp	dec
PropertyFloat	146	0x92	FellowshipUpdateTimestamp	dec
PropertyFloat	147	0x93	CriticalFrequency	dec
PropertyFloat	148	0x94	LimboStartTimestamp	dec
PropertyFloat	149	0x95	WeaponMissileDefense	dec
PropertyFloat	150	0x96	WeaponMagicDefense	dec
PropertyFloat	151	0x97	IgnoreShield	dec
PropertyFloat	152	0x98	ElementalDamageMod	dec
PropertyFloat	153	0x99	StartMissileAttackTimestamp	dec
PropertyFloat	154	0x9A	LastRareUsedTimestamp	dec
PropertyFloat	155	0x9B	IgnoreArmor	dec
PropertyFloat	156	0x9C	ProcSpellRate	dec
PropertyFloat	157	0x9D	ResistanceModifier	dec
PropertyFloat	158	0x9E	AllegianceGagTimestamp	dec
PropertyFloat	159	0x9F	AbsorbMagicDamage	dec
PropertyFloat	160	0xA0	CachedMaxAbsorbMagicDamage	dec
PropertyFloat	161	0xA1	GagDuration	dec
PropertyFloat	162	0xA2	AllegianceGagDuration	dec
PropertyFloat	163	0xA3	GlobalXpMod	dec
PropertyFloat	164	0xA4	HealingModifier	dec
PropertyFloat	165	0xA5	ArmorModVsNether	dec
PropertyFloat	166	0xA6	ResistNether	dec
PropertyFloat	167	0xA7	CooldownDuration	dec
PropertyFloat	168	0xA8	WeaponAuraOffense	dec
PropertyFloat	169	0xA9	WeaponAuraDefense	dec
PropertyFloat	170	0xAA	WeaponAuraElemental	dec
PropertyFloat	171	0xAB	WeaponAuraManaConv	dec
PropertyInstanceId	1	0x1	Owner	dec
PropertyInstanceId	2	0x2	Container	dec
PropertyInstanceId	3	0x3	Wielder	dec
PropertyInstanceId	4	0x4	Freezer	dec
PropertyInstanceId	5	0x5	Viewer	dec
PropertyInstanceId	6	0x6	Generator	dec
PropertyInstanceId	7	0x7	Scribe	dec
PropertyInstanceId	8	0x8	CurrentCombatTarget	dec
PropertyInstanceId	9	0x9	CurrentEnemy	dec
PropertyInstanceId	10	0xA	ProjectileLauncher	dec
PropertyInstanceId	11	0xB	CurrentAttacker	dec
PropertyInstanceId	12	0xC	CurrentDamager	dec
PropertyInstanceId	13	0xD	CurrentFollowTarget	dec
PropertyInstanceId	14	0xE	CurrentAppraisalTarget	dec
PropertyInstanceId	15	0xF	CurrentFellowshipAppraisalTarget	dec
PropertyInstanceId	16	0x10	ActivationTarget	dec
PropertyInstanceId	17	0x11	Creator	dec
PropertyInstanceId	18	0x12	Victim	dec
PropertyInstanceId	19	0x13	Killer	dec
PropertyInstanceId	20	0x14	Vendor	dec
PropertyInstanceId	21	0x15	Customer	dec
PropertyInstanceId	22	0x16	Bonded	dec
PropertyInstanceId	23	0x17	Wounder	dec
PropertyInstanceId	24	0x18	Allegiance	dec
PropertyInstanceId	25	0x19	Patron	dec
PropertyInstanceId	26	0x1A	Monarch	dec
PropertyInstanceId	27	0x1B	CombatTarget	dec
PropertyInstanceId	28	0x1C	HealthQueryTarget	dec
PropertyInstanceId	29	0x1D	LastUnlocker	dec
PropertyInstanceId	30	0x1E	CrashAndTurnTarget	dec
PropertyInstanceId	31	0x1F	AllowedActivator	dec
PropertyInstanceId	32	0x20	HouseOwner	dec
PropertyInstanceId	33	0x21	House	dec
PropertyInstanceId	34	0x22	Slumlord	dec
PropertyInstanceId	35	0x23	ManaQueryTarget	dec
PropertyInstanceId	36	0x24	CurrentGame	dec
PropertyInstanceId	37	0x25	RequestedAppraisalTarget	dec
PropertyInstanceId	38	0x26	AllowedWielder	dec
PropertyInstanceId	39	0x27	AssignedTarget	dec
PropertyInstanceId	40	0x28	LimboSource	dec
PropertyInstanceId	41	0x29	Snooper	dec
PropertyInstanceId	42	0x2A	TeleportedCharacter	dec
PropertyInstanceId	43	0x2B	Pet	dec
PropertyInstanceId	44	0x2C	PetOwner	dec
PropertyInstanceId	45	0x2D	PetDevice	dec
PropertyInt	1	0x1	ItemType	dec
PropertyInt	2	0x2	CreatureType	dec
PropertyInt	3	0x3	PaletteTemplate	dec
PropertyInt	4	0x4	ClothingPriority	dec
PropertyInt	5	0x5	EncumbranceVal	dec
PropertyInt	6	0x6	ItemsCapacity	dec
PropertyInt	7	0x7	ContainersCapacity	dec
PropertyInt	8	0x8	Mass	dec
PropertyInt	9	0x9	ValidLocations	dec
PropertyInt	10	0xA	CurrentWieldedLocation	dec
PropertyInt	11	0xB	MaxStackSize	dec
PropertyInt	12	0xC	StackSize	dec
PropertyInt	13	0xD	StackUnitEncumbrance	dec
PropertyInt	14	0xE	StackUnitMass	dec
PropertyInt	15	0xF	StackUnitValue	dec
PropertyInt	16	0x10	ItemUseable	dec
PropertyInt	17	0x11	RareId	dec
PropertyInt	18	0x12	UiEffects	dec
PropertyInt	19	0x13	Value	dec
PropertyInt	20	0x14	CoinValue	dec
PropertyInt	21	0x15	TotalExperience	dec
PropertyInt	22	0x16	AvailableCharacter	dec
PropertyInt	23	0x17	TotalSkillCredits	dec
PropertyInt	24	0x18	AvailableSkillCredits	dec
PropertyInt	25	0x19	Level	dec
PropertyInt	26	0x1A	AccountRequirements	dec
PropertyInt	27	0x1B	ArmorType	dec
PropertyInt	28	0x1C	ArmorLevel	dec
PropertyInt	29	0x1D	AllegianceCpPool	dec
PropertyInt	30	0x1E	AllegianceRank	dec
PropertyInt	31	0x1F	ChannelsAllowed	dec
PropertyInt	32	0x20	ChannelsActive	dec
PropertyInt	33	0x21	Bonded	dec
PropertyInt	34	0x22	MonarchsRank	dec
PropertyInt	35	0x23	AllegianceFollowers	dec
PropertyInt	36	0x24	ResistMagic	dec
PropertyInt	37	0x25	ResistItemAppraisal	dec
PropertyInt	38	0x26	ResistLockpick	dec
PropertyInt	39	0x27	DeprecatedResistRepair	dec
PropertyInt	40	0x28	CombatMode	dec
PropertyInt	41	0x29	CurrentAttackHeight	dec
PropertyInt	42	0x2A	CombatCollisions	dec
PropertyInt	43	0x2B	NumDeaths	dec
PropertyInt	44	0x2C	Damage	dec
PropertyInt	45	0x2D	DamageType	dec
PropertyInt	46	0x2E	DefaultCombatStyle	dec
PropertyInt	47	0x2F	AttackType	dec
PropertyInt	48	0x30	WeaponSkill	dec
PropertyInt	49	0x31	WeaponTime	dec
PropertyInt	50	0x32	AmmoType	dec
PropertyInt	51	0x33	CombatUse	dec
PropertyInt	52	0x34	ParentLocation	dec
PropertyInt	53	0x35	PlacementPosition	dec
PropertyInt	54	0x36	WeaponEncumbrance	dec
PropertyInt	55	0x37	WeaponMass	dec
PropertyInt	56	0x38	ShieldValue	dec
PropertyInt	57	0x39	ShieldEncumbrance	dec
PropertyInt	58	0x3A	MissileInventoryLocation	dec
PropertyInt	59	0x3B	FullDamageType	dec
PropertyInt	60	0x3C	WeaponRange	dec
PropertyInt	61	0x3D	AttackersSkill	dec
PropertyInt	62	0x3E	DefendersSkill	dec
PropertyInt	63	0x3F	AttackersSkillValue	dec
PropertyInt	64	0x40	AttackersClass	dec
PropertyInt	65	0x41	Placement	dec
PropertyInt	66	0x42	CheckpointStatus	dec
PropertyInt	67	0x43	Tolerance	dec
PropertyInt	68	0x44	TargetingTactic	dec
PropertyInt	69	0x45	CombatTactic	dec
PropertyInt	70	0x46	HomesickTargetingTactic	dec
PropertyInt	71	0x47	NumFollowFailures	dec
PropertyInt	72	0x48	FriendType	dec
PropertyInt	73	0x49	FoeType	dec
PropertyInt	74	0x4A	MerchandiseItemTypes	dec
PropertyInt	75	0x4B	MerchandiseMinValue	dec
PropertyInt	76	0x4C	MerchandiseMaxValue	dec
PropertyInt	77	0x4D	NumItemsSold	dec
PropertyInt	78	0x4E	NumItemsBought	dec
PropertyInt	79	0x4F	MoneyIncome	dec
PropertyInt	80	0x50	MoneyOutflow	dec
PropertyInt	81	0x51	MaxGeneratedObjects	dec
PropertyInt	82	0x52	InitGeneratedObjects	dec
PropertyInt	83	0x53	ActivationResponse	dec
PropertyInt	84	0x54	OriginalValue	dec
PropertyInt	85	0x55	NumMoveFailures	dec
PropertyInt	86	0x56	MinLevel	dec
PropertyInt	87	0x57	MaxLevel	dec
PropertyInt	88	0x58	LockpickMod	dec
PropertyInt	89	0x59	BoosterEnum	dec
PropertyInt	90	0x5A	BoostValue	dec
PropertyInt	91	0x5B	MaxStructure	dec
PropertyInt	92	0x5C	Structure	dec
PropertyInt	93	0x5D	PhysicsState	dec
PropertyInt	94	0x5E	TargetType	dec
PropertyInt	95	0x5F	RadarBlipColor	dec
PropertyInt	96	0x60	EncumbranceCapacity	dec
PropertyInt	97	0x61	LoginTimestamp	dec
PropertyInt	98	0x62	CreationTimestamp	dec
PropertyInt	99	0x63	PkLevelModifier	dec
PropertyInt	100	0x64	GeneratorType	dec
PropertyInt	101	0x65	AiAllowedCombatStyle	dec
PropertyInt	102	0x66	LogoffTimestamp	dec
PropertyInt	103	0x67	GeneratorDestructionType	dec
PropertyInt	104	0x68	ActivationCreateClass	dec
PropertyInt	105	0x69	ItemWorkmanship	dec
PropertyInt	106	0x6A	ItemSpellcraft	dec
PropertyInt	107	0x6B	ItemCurMana	dec
PropertyInt	108	0x6C	ItemMaxMana	dec
PropertyInt	109	0x6D	ItemDifficulty	dec
PropertyInt	110	0x6E	ItemAllegianceRankLimit	dec
PropertyInt	111	0x6F	PortalBitmask	dec
PropertyInt	112	0x70	AdvocateLevel	dec
PropertyInt	113	0x71	Gender	dec
PropertyInt	114	0x72	Attuned	dec
PropertyInt	115	0x73	ItemSkillLevelLimit	dec
PropertyInt	116	0x74	GateLogic	dec
PropertyInt	117	0x75	ItemManaCost	dec
PropertyInt	118	0x76	Logoff	dec
PropertyInt	119	0x77	Active	dec
PropertyInt	120	0x78	AttackHeight	dec
PropertyInt	121	0x79	NumAttackFailures	dec
PropertyInt	122	0x7A	AiCpThreshold	dec
PropertyInt	123	0x7B	AiAdvancementStrategy	dec
PropertyInt	124	0x7C	Version	dec
PropertyInt	125	0x7D	Age	dec
PropertyInt	126	0x7E	VendorHappyMean	dec
PropertyInt	127	0x7F	VendorHappyVariance	dec
PropertyInt	128	0x80	CloakStatus	dec
PropertyInt	129	0x81	VitaeCpPool	dec
PropertyInt	130	0x82	NumServicesSold	dec
PropertyInt	131	0x83	MaterialType	dec
PropertyInt	132	0x84	NumAllegianceBreaks	dec
PropertyInt	133	0x85	ShowableOnRadar	dec
PropertyInt	134	0x86	PlayerKillerStatus	dec
PropertyInt	135	0x87	VendorHappyMaxItems	dec
PropertyInt	136	0x88	ScorePageNum	dec
PropertyInt	137	0x89	ScoreConfigNum	dec
PropertyInt	138	0x8A	ScoreNumScores	dec
PropertyInt	139	0x8B	DeathLevel	dec
PropertyInt	140	0x8C	AiOptions	dec
PropertyInt	141	0x8D	OpenToEveryone	dec
PropertyInt	142	0x8E	GeneratorTimeType	dec
PropertyInt	143	0x8F	GeneratorStartTime	dec
PropertyInt	144	0x90	GeneratorEndTime	dec
PropertyInt	145	0x91	GeneratorEndDestructionType	dec
PropertyInt	146	0x92	XpOverride	dec
PropertyInt	147	0x93	NumCrashAndTurns	dec
PropertyInt	148	0x94	ComponentWarningThreshold	dec
PropertyInt	149	0x95	HouseStatus	dec
PropertyInt	150	0x96	HookPlacement	dec
PropertyInt	151	0x97	HookType	dec
PropertyInt	152	0x98	HookItemType	dec
PropertyInt	153	0x99	AiPpThreshold	dec
PropertyInt	154	0x9A	GeneratorVersion	dec
PropertyInt	155	0x9B	HouseType	dec
PropertyInt	156	0x9C	PickupEmoteOffset	dec
PropertyInt	157	0x9D	WeenieIteration	dec
PropertyInt	158	0x9E	WieldRequirements	dec
PropertyInt	159	0x9F	WieldSkillType	dec
PropertyInt	160	0xA0	WieldDifficulty	dec
PropertyInt	161	0xA1	HouseMaxHooksUsable	dec
PropertyInt	162	0xA2	HouseCurrentHooksUsable	dec
PropertyInt	163	0xA3	AllegianceMinLevel	dec
PropertyInt	164	0xA4	AllegianceMaxLevel	dec
PropertyInt	165	0xA5	HouseRelinkHookCount	dec
PropertyInt	166	0xA6	SlayerCreatureType	dec
PropertyInt	167	0xA7	ConfirmationInProgress	dec
PropertyInt	168	0xA8	ConfirmationTypeInProgress	dec
PropertyInt	169	0xA9	TsysMutationData	dec
PropertyInt	170	0xAA	NumItemsInMaterial	dec
PropertyInt	171	0xAB	NumTimesTinkered	dec
PropertyInt	172	0xAC	AppraisalLongDescDecoration	dec
PropertyInt	173	0xAD	AppraisalLockpickSuccessPercent	dec
PropertyInt	174	0xAE	AppraisalPages	dec
PropertyInt	175	0xAF	AppraisalMaxPages	dec
PropertyInt	176	0xB0	AppraisalItemSkill	dec
PropertyInt	177	0xB1	GemCount	dec
PropertyInt	178	0xB2	GemType	dec
PropertyInt	179	0xB3	ImbuedEffect	dec
PropertyInt	180	0xB4	AttackersRawSkillValue	dec
PropertyInt	181	0xB5	ChessRank	dec
PropertyInt	182	0xB6	ChessTotalGames	dec
PropertyInt	183	0xB7	ChessGamesWon	dec
PropertyInt	184	0xB8	ChessGamesLost	dec
PropertyInt	185	0xB9	TypeOfAlteration	dec
PropertyInt	186	0xBA	SkillToBeAltered	dec
PropertyInt	187	0xBB	SkillAlterationCount	dec
PropertyInt	188	0xBC	HeritageGroup	dec
PropertyInt	189	0xBD	TransferFromAttribute	dec
PropertyInt	190	0xBE	TransferToAttribute	dec
PropertyInt	191	0xBF	AttributeTransferCount	dec
PropertyInt	192	0xC0	FakeFishingSkill	dec
PropertyInt	193	0xC1	NumKeys	dec
PropertyInt	194	0xC2	DeathTimestamp	dec
PropertyInt	195	0xC3	PkTimestamp	dec
PropertyInt	196	0xC4	VictimTimestamp	dec
PropertyInt	197	0xC5	HookGroup	dec
PropertyInt	198	0xC6	AllegianceSwearTimestamp	dec
PropertyInt	199	0xC7	HousePurchaseTimestamp	dec
PropertyInt	200	0xC8	RedirectableEquippedArmorCount	dec
PropertyInt	201	0xC9	MeleeDefenseImbuedEffectTypeCache	dec
PropertyInt	202	0xCA	MissileDefenseImbuedEffectTypeCache	dec
PropertyInt	203	0xCB	MagicDefenseImbuedEffectTypeCache	dec
PropertyInt	204	0xCC	ElementalDamageBonus	dec
PropertyInt	205	0xCD	ImbueAttempts	dec
PropertyInt	206	0xCE	ImbueSuccesses	dec
PropertyInt	207	0xCF	CreatureKills	dec
PropertyInt	208	0xD0	PlayerKillsPk	dec
PropertyInt	209	0xD1	PlayerKillsPkl	dec
PropertyInt	210	0xD2	RaresTierOne	dec
PropertyInt	211	0xD3	RaresTierTwo	dec
PropertyInt	212	0xD4	RaresTierThree	dec
PropertyInt	213	0xD5	RaresTierFour	dec
PropertyInt	214	0xD6	RaresTierFive	dec
PropertyInt	215	0xD7	AugmentationStat	dec
PropertyInt	216	0xD8	AugmentationFamilyStat	dec
PropertyInt	217	0xD9	AugmentationInnateFamily	dec
PropertyInt	218	0xDA	AugmentationInnateStrength	dec
PropertyInt	219	0xDB	AugmentationInnateEndurance	dec
PropertyInt	220	0xDC	AugmentationInnateCoordination	dec
PropertyInt	221	0xDD	AugmentationInnateQuickness	dec
PropertyInt	222	0xDE	AugmentationInnateFocus	dec
PropertyInt	223	0xDF	AugmentationInnateSelf	dec
PropertyInt	224	0xE0	AugmentationSpecializeSalvaging	dec
PropertyInt	225	0xE1	AugmentationSpecializeItemTinkering	dec
PropertyInt	226	0xE2	AugmentationSpecializeArmorTinkering	dec
PropertyInt	227	0xE3	AugmentationSpecializeMagicItemTinkering	dec
PropertyInt	228	0xE4	AugmentationSpecializeWeaponTinkering	dec
PropertyInt	229	0xE5	AugmentationExtraPackSlot	dec
PropertyInt	230	0xE6	AugmentationIncreasedCarryingCapacity	dec
PropertyInt	231	0xE7	AugmentationLessDeathItemLoss	dec
PropertyInt	232	0xE8	AugmentationSpellsRemainPastDeath	dec
PropertyInt	233	0xE9	AugmentationCriticalDefense	dec
PropertyInt	234	0xEA	AugmentationBonusXp	dec
PropertyInt	235	0xEB	AugmentationBonusSalvage	dec
PropertyInt	236	0xEC	AugmentationBonusImbueChance	dec
PropertyInt	237	0xED	AugmentationFasterRegen	dec
PropertyInt	238	0xEE	AugmentationIncreasedSpellDuration	dec
PropertyInt	239	0xEF	AugmentationResistanceFamily	dec
PropertyInt	240	0xF0	AugmentationResistanceSlash	dec
PropertyInt	241	0xF1	AugmentationResistancePierce	dec
PropertyInt	242	0xF2	AugmentationResistanceBlunt	dec
PropertyInt	243	0xF3	AugmentationResistanceAcid	dec
PropertyInt	244	0xF4	AugmentationResistanceFire	dec
PropertyInt	245	0xF5	AugmentationResistanceFrost	dec
PropertyInt	246	0xF6	AugmentationResistanceLightning	dec
PropertyInt	247	0xF7	RaresTierOneLogin	dec
PropertyInt	248	0xF8	RaresTierTwoLogin	dec
PropertyInt	249	0xF9	RaresTierThreeLogin	dec
PropertyInt	250	0xFA	RaresTierFourLogin	dec
PropertyInt	251	0xFB	RaresTierFiveLogin	dec
PropertyInt	252	0xFC	RaresLoginTimestamp	dec
PropertyInt	253	0xFD	RaresTierSix	dec
PropertyInt	254	0xFE	RaresTierSeven	dec
PropertyInt	255	0xFF	RaresTierSixLogin	dec
PropertyInt	256	0x100	RaresTierSevenLogin	dec
PropertyInt	257	0x101	ItemAttributeLimit	dec
PropertyInt	258	0x102	ItemAttributeLevelLimit	dec
PropertyInt	259	0x103	ItemAttribute2ndLimit	dec
PropertyInt	260	0x104	ItemAttribute2ndLevelLimit	dec
PropertyInt	261	0x105	CharacterTitleId	dec
PropertyInt	262	0x106	NumCharacterTitles	dec
PropertyInt	263	0x107	ResistanceModifierType	dec
PropertyInt	264	0x108	FreeTinkersBitfield	dec
PropertyInt	265	0x109	EquipmentSetId	dec
PropertyInt	266	0x10A	PetClass	dec
PropertyInt	267	0x10B	Lifespan	dec
PropertyInt	268	0x10C	RemainingLifespan	dec
PropertyInt	269	0x10D	UseCreateQuantity	dec
PropertyInt	270	0x10E	WieldRequirements2	dec
PropertyInt	271	0x10F	WieldSkillType2	dec
PropertyInt	272	0x110	WieldDifficulty2	dec
PropertyInt	273	0x111	WieldRequirements3	dec
PropertyInt	274	0x112	WieldSkillType3	dec
PropertyInt	275	0x113	WieldDifficulty3	dec
PropertyInt	276	0x114	WieldRequirements4	dec
PropertyInt	277	0x115	WieldSkillType4	dec
PropertyInt	278	0x116	WieldDifficulty4	dec
PropertyInt	279	0x117	Unique	dec
PropertyInt	280	0x118	SharedCooldown	dec
PropertyInt	281	0x119	Faction1Bits	dec
PropertyInt	282	0x11A	Faction2Bits	dec
PropertyInt	283	0x11B	Faction3Bits	dec
PropertyInt	284	0x11C	Hatred1Bits	dec
PropertyInt	285	0x11D	Hatred2Bits	dec
PropertyInt	286	0x11E	Hatred3Bits	dec
PropertyInt	287	0x11F	SocietyRankCelhan	dec
PropertyInt	288	0x120	SocietyRankEldweb	dec
PropertyInt	289	0x121	SocietyRankRadblo	dec
PropertyInt	290	0x122	HearLocalSignals	dec
PropertyInt	291	0x123	HearLocalSignalsRadius	dec
PropertyInt	292	0x124	Cleaving	dec
PropertyInt	293	0x125	AugmentationSpecializeGearcraft	dec
PropertyInt	294	0x126	AugmentationInfusedCreatureMagic	dec
PropertyInt	295	0x127	AugmentationInfusedItemMagic	dec
PropertyInt	296	0x128	AugmentationInfusedLifeMagic	dec
PropertyInt	297	0x129	AugmentationInfusedWarMagic	dec
PropertyInt	298	0x12A	AugmentationCriticalExpertise	dec
PropertyInt	299	0x12B	AugmentationCriticalPower	dec
PropertyInt	300	0x12C	AugmentationSkilledMelee	dec
PropertyInt	301	0x12D	AugmentationSkilledMissile	dec
PropertyInt	302	0x12E	AugmentationSkilledMagic	dec
PropertyInt	303	0x12F	ImbuedEffect2	dec
PropertyInt	304	0x130	ImbuedEffect3	dec
PropertyInt	305	0x131	ImbuedEffect4	dec
PropertyInt	306	0x132	ImbuedEffect5	dec
PropertyInt	307	0x133	DamageRating	dec
PropertyInt	308	0x134	DamageResistRating	dec
PropertyInt	309	0x135	AugmentationDamageBonus	dec
PropertyInt	310	0x136	AugmentationDamageReduction	dec
PropertyInt	311	0x137	ImbueStackingBits	dec
PropertyInt	312	0x138	HealOverTime	dec
PropertyInt	313	0x139	CritRating	dec
PropertyInt	314	0x13A	CritDamageRating	dec
PropertyInt	315	0x13B	CritResistRating	dec
PropertyInt	316	0x13C	CritDamageResistRating	dec
PropertyInt	317	0x13D	HealingResistRating	dec
PropertyInt	318	0x13E	DamageOverTime	dec
PropertyInt	319	0x13F	ItemMaxLevel	dec
PropertyInt	320	0x140	ItemXpStyle	dec
PropertyInt	321	0x141	EquipmentSetExtra	dec
PropertyInt	322	0x142	AetheriaBitfield	dec
PropertyInt	323	0x143	HealingBoostRating	dec
PropertyInt	324	0x144	HeritageSpecificArmor	dec
PropertyInt	325	0x145	AlternateRacialSkills	dec
PropertyInt	326	0x146	AugmentationJackOfAllTrades	dec
PropertyInt	327	0x147	AugmentationResistanceNether	dec
PropertyInt	328	0x148	AugmentationInfusedVoidMagic	dec
PropertyInt	329	0x149	WeaknessRating	dec
PropertyInt	330	0x14A	NetherOverTime	dec
PropertyInt	331	0x14B	NetherResistRating	dec
PropertyInt	332	0x14C	LuminanceAward	dec
PropertyInt	333	0x14D	LumAugDamageRating	dec
PropertyInt	334	0x14E	LumAugDamageReductionRating	dec
PropertyInt	335	0x14F	LumAugCritDamageRating	dec
PropertyInt	336	0x150	LumAugCritReductionRating	dec
PropertyInt	337	0x151	LumAugSurgeEffectRating	dec
PropertyInt	338	0x152	LumAugSurgeChanceRating	dec
PropertyInt	339	0x153	LumAugItemManaUsage	dec
PropertyInt	340	0x154	LumAugItemManaGain	dec
PropertyInt	341	0x155	LumAugVitality	dec
PropertyInt	342	0x156	LumAugHealingRating	dec
PropertyInt	343	0x157	LumAugSkilledCraft	dec
PropertyInt	344	0x158	LumAugSkilledSpec	dec
PropertyInt	345	0x159	LumAugNoDestroyCraft	dec
PropertyInt	346	0x15A	RestrictInteraction	dec
PropertyInt	347	0x15B	OlthoiLootTimestamp	dec
PropertyInt	348	0x15C	OlthoiLootStep	dec
PropertyInt	349	0x15D	UseCreatesContractId	dec
PropertyInt	350	0x15E	DotResistRating	dec
PropertyInt	351	0x15F	LifeResistRating	dec
PropertyInt	352	0x160	CloakWeaveProc	dec
PropertyInt	353	0x161	WeaponType	dec
PropertyInt	354	0x162	MeleeMastery	dec
PropertyInt	355	0x163	RangedMastery	dec
PropertyInt	356	0x164	SneakAttackRating	dec
PropertyInt	357	0x165	RecklessnessRating	dec
PropertyInt	358	0x166	DeceptionRating	dec
PropertyInt	359	0x167	CombatPetRange	dec
PropertyInt	360	0x168	WeaponAuraDamage	dec
PropertyInt	361	0x169	WeaponAuraSpeed	dec
PropertyInt	362	0x16A	SummoningMastery	dec
PropertyInt	363	0x16B	HeartbeatLifespan	dec
PropertyInt	364	0x16C	UseLevelRequirement	dec
PropertyInt	365	0x16D	LumAugAllSkills	dec
PropertyInt	366	0x16E	UseRequiresSkill	dec
PropertyInt	367	0x16F	UseRequiresSkillLevel	dec
PropertyInt	368	0x170	UseRequiresSkillSpec	dec
PropertyInt	369	0x171	UseRequiresLevel	dec
PropertyInt	370	0x172	GearDamage	dec
PropertyInt	371	0x173	GearDamageResist	dec
PropertyInt	372	0x174	GearCrit	dec
PropertyInt	373	0x175	GearCritResist	dec
PropertyInt	374	0x176	GearCritDamage	dec
PropertyInt	375	0x177	GearCritDamageResist	dec
PropertyInt	376	0x178	GearHealingBoost	dec
PropertyInt	377	0x179	GearNetherResist	dec
PropertyInt	378	0x17A	GearLifeResist	dec
PropertyInt	379	0x17B	GearMaxHealth	dec
PropertyInt	380	0x17C	Unknown380	dec
PropertyInt	381	0x17D	PKDamageRating	dec
PropertyInt	382	0x17E	PKDamageResistRating	dec
PropertyInt	383	0x17F	GearPKDamageRating	dec
PropertyInt	384	0x180	GearPKDamageResistRating	dec
PropertyInt	385	0x181	Unknown385	dec
PropertyInt	386	0x182	Overpower	dec
PropertyInt	387	0x183	OverpowerResist	dec
PropertyInt	388	0x184	GearOverpower	dec
PropertyInt	389	0x185	GearOverpowerResist	dec
PropertyInt	390	0x186	Enlightenment	dec
PropertyInt64	1	0x1	TotalExperience	hex
PropertyInt64	2	0x2	AvailableExperience	hex
PropertyInt64	3	0x3	AugmentationCost	hex
PropertyInt64	4	0x4	ItemTotalXp	hex
PropertyInt64	5	0x5	ItemBaseXp	hex
PropertyInt64	6	0x6	AvailableLuminance	hex
PropertyInt64	7	0x7	MaximumLuminance	hex
PropertyInt64	8	0x8	InteractionReqs	hex
PropertyPosition	1	0x1	Location	dec
PropertyPosition	2	0x2	Destination	dec
PropertyPosition	3	0x3	Instantiation	dec
PropertyPosition	4	0x4	Sanctuary	dec
PropertyPosition	5	0x5	Home	dec
PropertyPosition	6	0x6	ActivationMove	dec
PropertyPosition	7	0x7	Target	dec
PropertyPosition	8	0x8	LinkedPortalOne	dec
PropertyPosition	9	0x9	LastPortal	dec
PropertyPosition	10	0xA	PortalStorm	dec
PropertyPosition	11	0xB	CrashAndTurn	dec
PropertyPosition	12	0xC	PortalSummonLoc	dec
PropertyPosition	13	0xD	HouseBoot	dec
PropertyPosition	14	0xE	LastOutsideDeath	dec
PropertyPosition	15	0xF	LinkedLifestone	dec
PropertyPosition	16	0x10	LinkedPortalTwo	dec
PropertyPosition	17	0x11	Save1	dec
PropertyPosition	18	0x12	Save2	dec
PropertyPosition	19	0x13	Save3	dec
PropertyPosition	20	0x14	Save4	dec
PropertyPosition	21	0x15	Save5	dec
PropertyPosition	22	0x16	Save6	dec
PropertyPosition	23	0x17	Save7	dec
PropertyPosition	24	0x18	Save8	dec
PropertyPosition	25	0x19	Save9	dec
PropertyPosition	26	0x1A	RelativeDestination	dec
PropertyPosition	27	0x1B	TeleportedCharacter	dec
PropertyString	1	0x1	Name	dec
PropertyString	2	0x2	Title	dec
PropertyString	3	0x3	Sex	dec
PropertyString	4	0x4	HeritageGroup	dec
PropertyString	5	0x5	Template	dec
PropertyString	6	0x6	AttackersName	dec
PropertyString	7	0x7	Inscription	dec
PropertyString	8	0x8	ScribeName	dec
PropertyString	9	0x9	VendorsName	dec
PropertyString	10	0xA	Fellowship	dec
PropertyString	11	0xB	MonarchsName	dec
PropertyString	12	0xC	LockCode	dec
PropertyString	13	0xD	KeyCode	dec
PropertyString	14	0xE	Use	dec
PropertyString	15	0xF	ShortDesc	dec
PropertyString	16	0x10	LongDesc	dec
PropertyString	17	0x11	ActivationTalk	dec
PropertyString	18	0x12	UseMessage	dec
PropertyString	19	0x13	ItemHeritageGroupRestriction	dec
PropertyString	20	0x14	PluralName	dec
PropertyString	21	0x15	MonarchsTitle	dec
PropertyString	22	0x16	ActivationFailure	dec
PropertyString	23	0x17	ScribeAccount	dec
PropertyString	24	0x18	TownName	dec
PropertyString	25	0x19	CraftsmanName	dec
PropertyString	26	0x1A	UsePkServerError	dec
PropertyString	27	0x1B	ScoreCachedText	dec
PropertyString	28	0x1C	ScoreDefaultEntryFormat	dec
PropertyString	29	0x1D	ScoreFirstEntryFormat	dec
PropertyString	30	0x1E	ScoreLastEntryFormat	dec
PropertyString	31	0x1F	ScoreOnlyEntryFormat	dec
PropertyString	32	0x20	ScoreNoEntry	dec
PropertyString	33	0x21	Quest	dec
PropertyString	34	0x22	GeneratorEvent	dec
PropertyString	35	0x23	PatronsTitle	dec
PropertyString	36	0x24	HouseOwnerName	dec
PropertyString	37	0x25	QuestRestriction	dec
PropertyString	38	0x26	AppraisalPortalDestination	dec
PropertyString	39	0x27	TinkerName	dec
PropertyString	40	0x28	ImbuerName	dec
PropertyString	41	0x29	HouseOwnerAccount	dec
PropertyString	42	0x2A	DisplayName	dec
PropertyString	43	0x2B	DateOfBirth	dec
PropertyString	44	0x2C	ThirdPartyApi	dec
PropertyString	45	0x2D	KillQuest	dec
PropertyString	46	0x2E	Afk	dec
PropertyString	47	0x2F	AllegianceName	dec
PropertyString	48	0x30	AugmentationAddQuest	dec
PropertyString	49	0x31	KillQuest2	dec
PropertyString	50	0x32	KillQuest3	dec
PropertyString	51	0x33	UseSendsSignal	dec
PropertyString	52	0x34	GearPlatingName	dec
RadarBehavior	0	0x0	Undefined	hex
RadarBehavior	1	0x1	ShowNever	hex
RadarBehavior	2	0x2	ShowMovement	hex
RadarBehavior	3	0x3	ShowAttacking	hex
RadarBehavior	4	0x4	ShowAlways	hex
RadarColor	0	0x0	Default	dec (unverified)
RadarColor	1	0x1	Blue	dec (unverified)
RadarColor	2	0x2	Gold	dec (unverified)
RadarColor	3	0x3	White	dec (unverified)
RadarColor	4	0x4	Purple	dec (unverified)
RadarColor	5	0x5	Red	dec (unverified)
RadarColor	6	0x6	Pink	dec (unverified)
RadarColor	7	0x7	Green	dec (unverified)
RadarColor	8	0x8	Yellow	dec (unverified)
RadarColor	9	0x9	Cyan	dec (unverified)
RadarColor	10	0xA	BrightGreen	dec (unverified)
ResistHighlightMask	1	0x1	ResistSlash	hex (mask attr)
ResistHighlightMask	2	0x2	ResistPierce	hex (mask attr)
ResistHighlightMask	4	0x4	ResistBludgeon	hex (mask attr)
ResistHighlightMask	8	0x8	ResistFire	hex (mask attr)
ResistHighlightMask	16	0x10	ResistCold	hex (mask attr)
ResistHighlightMask	32	0x20	ResistAcid	hex (mask attr)
ResistHighlightMask	64	0x40	ResistElectric	hex (mask attr)
ResistHighlightMask	128	0x80	ResistHealthBoost	hex (mask attr)
ResistHighlightMask	256	0x100	ResistStaminaDrain	hex (mask attr)
ResistHighlightMask	512	0x200	ResistStaminaBoost	hex (mask attr)
ResistHighlightMask	1024	0x400	ResistManaDrain	hex (mask attr)
ResistHighlightMask	2048	0x800	ResistManaBoost	hex (mask attr)
ResistHighlightMask	4096	0x1000	ManaConversionMod	hex (mask attr)
ResistHighlightMask	8192	0x2000	ElementalDamageMod	hex (mask attr)
ResistHighlightMask	16384	0x4000	ResistNether	hex (mask attr)
S2CMessage	36	0x24	Item_ServerSaysRemove	hex
S2CMessage	160	0xA0	Character_ServerSaysAttemptFailed	hex
S2CMessage	407	0x197	Item_UpdateStackSize	hex
S2CMessage	414	0x19E	Combat_HandlePlayerDeathEvent	hex
S2CMessage	465	0x1D1	Qualities_PrivateRemoveIntEvent	hex
S2CMessage	466	0x1D2	Qualities_RemoveIntEvent	hex
S2CMessage	467	0x1D3	Qualities_PrivateRemoveBoolEvent	hex
S2CMessage	468	0x1D4	Qualities_RemoveBoolEvent	hex
S2CMessage	469	0x1D5	Qualities_PrivateRemoveFloatEvent	hex
S2CMessage	470	0x1D6	Qualities_RemoveFloatEvent	hex
S2CMessage	471	0x1D7	Qualities_PrivateRemoveStringEvent	hex
S2CMessage	472	0x1D8	Qualities_RemoveStringEvent	hex
S2CMessage	473	0x1D9	Qualities_PrivateRemoveDataIdEvent	hex
S2CMessage	474	0x1DA	Qualities_RemoveDataIdEvent	hex
S2CMessage	475	0x1DB	Qualities_PrivateRemoveInstanceIdEvent	hex
S2CMessage	476	0x1DC	Qualities_RemoveInstanceIdEvent	hex
S2CMessage	477	0x1DD	Qualities_PrivateRemovePositionEvent	hex
S2CMessage	478	0x1DE	Qualities_RemovePositionEvent	hex
S2CMessage	480	0x1E0	Communication_HearEmote	hex
S2CMessage	482	0x1E2	Communication_HearSoulEmote	hex
S2CMessage	696	0x2B8	Qualities_PrivateRemoveInt64Event	hex
S2CMessage	697	0x2B9	Qualities_RemoveInt64Event	hex
S2CMessage	699	0x2BB	Communication_HearSpeech	hex
S2CMessage	700	0x2BC	Communication_HearRangedSpeech	hex
S2CMessage	717	0x2CD	Qualities_PrivateUpdateInt	hex
S2CMessage	718	0x2CE	Qualities_UpdateInt	hex
S2CMessage	719	0x2CF	Qualities_PrivateUpdateInt64	hex
S2CMessage	720	0x2D0	Qualities_UpdateInt64	hex
S2CMessage	721	0x2D1	Qualities_PrivateUpdateBool	hex
S2CMessage	722	0x2D2	Qualities_UpdateBool	hex
S2CMessage	723	0x2D3	Qualities_PrivateUpdateFloat	hex
S2CMessage	724	0x2D4	Qualities_UpdateFloat	hex
S2CMessage	725	0x2D5	Qualities_PrivateUpdateString	hex
S2CMessage	726	0x2D6	Qualities_UpdateString	hex
S2CMessage	727	0x2D7	Qualities_PrivateUpdateDataId	hex
S2CMessage	728	0x2D8	Qualities_UpdateDataId	hex
S2CMessage	729	0x2D9	Qualities_PrivateUpdateInstanceId	hex
S2CMessage	730	0x2DA	Qualities_UpdateInstanceId	hex
S2CMessage	731	0x2DB	Qualities_PrivateUpdatePosition	hex
S2CMessage	732	0x2DC	Qualities_UpdatePosition	hex
S2CMessage	733	0x2DD	Qualities_PrivateUpdateSkill	hex
S2CMessage	734	0x2DE	Qualities_UpdateSkill	hex
S2CMessage	735	0x2DF	Qualities_PrivateUpdateSkillLevel	hex
S2CMessage	736	0x2E0	Qualities_UpdateSkillLevel	hex
S2CMessage	737	0x2E1	Qualities_PrivateUpdateSkillAC	hex
S2CMessage	738	0x2E2	Qualities_UpdateSkillAC	hex
S2CMessage	739	0x2E3	Qualities_PrivateUpdateAttribute	hex
S2CMessage	740	0x2E4	Qualities_UpdateAttribute	hex
S2CMessage	741	0x2E5	Qualities_PrivateUpdateAttributeLevel	hex
S2CMessage	742	0x2E6	Qualities_UpdateAttributeLevel	hex
S2CMessage	743	0x2E7	Qualities_PrivateUpdateAttribute2nd	hex
S2CMessage	744	0x2E8	Qualities_UpdateAttribute2nd	hex
S2CMessage	745	0x2E9	Qualities_PrivateUpdateAttribute2ndLevel	hex
S2CMessage	746	0x2EA	Qualities_UpdateAttribute2ndLevel	hex
S2CMessage	60000	0xEA60	Admin_Environs	hex
S2CMessage	63001	0xF619	Movement_PositionAndMovementEvent	hex
S2CMessage	63013	0xF625	Item_ObjDescEvent	hex
S2CMessage	63024	0xF630	Character_SetPlayerVisualDesc	hex
S2CMessage	63043	0xF643	Character_CharGenVerificationResponse	hex
S2CMessage	63057	0xF651	Login_AwaitingSubscriptionExpiration	hex
S2CMessage	63059	0xF653	Login_LogOffCharacter	hex
S2CMessage	63061	0xF655	Character_CharacterDelete	hex
S2CMessage	63064	0xF658	Login_LoginCharacterSet	hex
S2CMessage	63065	0xF659	Character_CharacterError	hex
S2CMessage	63301	0xF745	Item_CreateObject	hex
S2CMessage	63302	0xF746	Login_CreatePlayer	hex
S2CMessage	63303	0xF747	Item_DeleteObject	hex
S2CMessage	63304	0xF748	Movement_PositionEvent	hex
S2CMessage	63305	0xF749	Item_ParentEvent	hex
S2CMessage	63306	0xF74A	Inventory_PickupEvent	hex
S2CMessage	63307	0xF74B	Item_SetState	hex
S2CMessage	63308	0xF74C	Movement_SetObjectMovement	hex
S2CMessage	63310	0xF74E	Movement_VectorUpdate	hex
S2CMessage	63312	0xF750	Effects_SoundEvent	hex
S2CMessage	63313	0xF751	Effects_PlayerTeleport	hex
S2CMessage	63316	0xF754	Effects_PlayScriptId	hex
S2CMessage	63317	0xF755	Effects_PlayScriptType	hex
S2CMessage	63408	0xF7B0	Ordered_GameEvent	hex
S2CMessage	63425	0xF7C1	Login_AccountBanned	hex
S2CMessage	63434	0xF7CA	Admin_ReceiveAccountData	hex
S2CMessage	63435	0xF7CB	Admin_ReceivePlayerData	hex
S2CMessage	63451	0xF7DB	Item_UpdateObject	hex
S2CMessage	63452	0xF7DC	Login_AccountBooted	hex
S2CMessage	63454	0xF7DE	Communication_TurbineChat	hex
S2CMessage	63455	0xF7DF	Login_EnterGame_ServerReady	hex
S2CMessage	63456	0xF7E0	Communication_TextboxString	hex
S2CMessage	63457	0xF7E1	Login_WorldInfo	hex
S2CMessage	63458	0xF7E2	DDD_DataMessage	hex
S2CMessage	63460	0xF7E4	DDD_ErrorMessage	hex
S2CMessage	63461	0xF7E5	DDD_InterrogationMessage	hex
S2CMessage	63463	0xF7E7	DDD_BeginDDDMessage	hex
S2CMessage	63466	0xF7EA	DDD_OnEndDDD	hex
ServerSwitchType	0	0x0	World	hex
ServerSwitchType	1	0x1	Logon	hex
SkillAdvancementClass	1	0x1	Untrained	hex
SkillAdvancementClass	2	0x2	Trained	hex
SkillAdvancementClass	3	0x3	Specialized	hex
SkillId	1	0x1	Axe	hex
SkillId	2	0x2	Bow	hex
SkillId	3	0x3	Crossbow	hex
SkillId	4	0x4	Dagger	hex
SkillId	5	0x5	Mace	hex
SkillId	6	0x6	MeleeDefense	hex
SkillId	7	0x7	MissileDefense	hex
SkillId	8	0x8	Sling	hex
SkillId	9	0x9	Spear	hex
SkillId	10	0xA	Staff	hex
SkillId	11	0xB	Sword	hex
SkillId	12	0xC	ThrownWeapons	hex
SkillId	13	0xD	UnarmedCombat	hex
SkillId	14	0xE	ArcaneLore	hex
SkillId	15	0xF	MagicDefense	hex
SkillId	16	0x10	ManaConversion	hex
SkillId	17	0x11	Spellcraft	hex
SkillId	18	0x12	ItemTinkering	hex
SkillId	19	0x13	AssessPerson	hex
SkillId	20	0x14	Deception	hex
SkillId	21	0x15	Healing	hex
SkillId	22	0x16	Jump	hex
SkillId	23	0x17	Lockpick	hex
SkillId	24	0x18	Run	hex
SkillId	25	0x19	Awareness	hex
SkillId	26	0x1A	ArmorRepair	hex
SkillId	27	0x1B	AssessCreature	hex
SkillId	28	0x1C	WeaponTinkering	hex
SkillId	29	0x1D	ArmorTinkering	hex
SkillId	30	0x1E	MagicItemTinkering	hex
SkillId	31	0x1F	CreatureEnchantment	hex
SkillId	32	0x20	ItemEnchantment	hex
SkillId	33	0x21	LifeMagic	hex
SkillId	34	0x22	WarMagic	hex
SkillId	35	0x23	Leadership	hex
SkillId	36	0x24	Loyalty	hex
SkillId	37	0x25	Fletching	hex
SkillId	38	0x26	Alchemy	hex
SkillId	39	0x27	Cooking	hex
SkillId	40	0x28	Salvaging	hex
SkillId	41	0x29	TwoHandedCombat	hex
SkillId	42	0x2A	Gearcraft	hex
SkillId	43	0x2B	VoidMagic	hex
SkillId	44	0x2C	HeavyWeapons	hex
SkillId	45	0x2D	LightWeapons	hex
SkillId	46	0x2E	FinesseWeapons	hex
SkillId	47	0x2F	MissleWeapons	hex
SkillId	49	0x31	DualWield	hex
SkillId	50	0x32	Recklessness	hex
SkillId	51	0x33	SneakAttack	hex
SkillId	52	0x34	DirtyFighting	hex
SkillId	53	0x35	Challenge	hex
SkillId	54	0x36	Summoning	hex
Sound	0	0x0	Invalid	hex
Sound	1	0x1	Speak1	hex
Sound	2	0x2	Random	hex
Sound	3	0x3	Attack1	hex
Sound	4	0x4	Attack2	hex
Sound	5	0x5	Attack3	hex
Sound	6	0x6	SpecialAttack1	hex
Sound	7	0x7	SpecialAttack2	hex
Sound	8	0x8	SpecialAttack3	hex
Sound	9	0x9	Damage1	hex
Sound	10	0xA	Damage2	hex
Sound	11	0xB	Damage3	hex
Sound	12	0xC	Wound1	hex
Sound	13	0xD	Wound2	hex
Sound	14	0xE	Wound3	hex
Sound	15	0xF	Death1	hex
Sound	16	0x10	Death2	hex
Sound	17	0x11	Death3	hex
Sound	18	0x12	Grunt1	hex
Sound	19	0x13	Grunt2	hex
Sound	20	0x14	Grunt3	hex
Sound	21	0x15	Oh1	hex
Sound	22	0x16	Oh2	hex
Sound	23	0x17	Oh3	hex
Sound	24	0x18	Heave1	hex
Sound	25	0x19	Heave2	hex
Sound	26	0x1A	Heave3	hex
Sound	27	0x1B	Knockdown1	hex
Sound	28	0x1C	Knockdown2	hex
Sound	29	0x1D	Knockdown3	hex
Sound	30	0x1E	Swoosh1	hex
Sound	31	0x1F	Swoosh2	hex
Sound	32	0x20	Swoosh3	hex
Sound	33	0x21	Thump1	hex
Sound	34	0x22	Smash1	hex
Sound	35	0x23	Scratch1	hex
Sound	36	0x24	Spear	hex
Sound	37	0x25	Sling	hex
Sound	38	0x26	Dagger	hex
Sound	39	0x27	ArrowWhiz1	hex
Sound	40	0x28	ArrowWhiz2	hex
Sound	41	0x29	CrossbowPull	hex
Sound	42	0x2A	CrossbowRelease	hex
Sound	43	0x2B	BowPull	hex
Sound	44	0x2C	BowRelease	hex
Sound	45	0x2D	ThrownWeaponRelease1	hex
Sound	46	0x2E	ArrowLand	hex
Sound	47	0x2F	Collision	hex
Sound	48	0x30	HitFlesh1	hex
Sound	49	0x31	HitLeather1	hex
Sound	50	0x32	HitChain1	hex
Sound	51	0x33	HitPlate1	hex
Sound	52	0x34	HitMissile1	hex
Sound	53	0x35	HitMissile2	hex
Sound	54	0x36	HitMissile3	hex
Sound	55	0x37	Footstep1	hex
Sound	56	0x38	Footstep2	hex
Sound	57	0x39	Walk1	hex
Sound	58	0x3A	Dance1	hex
Sound	59	0x3B	Dance2	hex
Sound	60	0x3C	Dance3	hex
Sound	61	0x3D	Hidden1	hex
Sound	62	0x3E	Hidden2	hex
Sound	63	0x3F	Hidden3	hex
Sound	64	0x40	Eat1	hex
Sound	65	0x41	Drink1	hex
Sound	66	0x42	Open	hex
Sound	67	0x43	Close	hex
Sound	68	0x44	OpenSlam	hex
Sound	69	0x45	CloseSlam	hex
Sound	70	0x46	Ambient1	hex
Sound	71	0x47	Ambient2	hex
Sound	72	0x48	Ambient3	hex
Sound	73	0x49	Ambient4	hex
Sound	74	0x4A	Ambient5	hex
Sound	75	0x4B	Ambient6	hex
Sound	76	0x4C	Ambient7	hex
Sound	77	0x4D	Ambient8	hex
Sound	78	0x4E	Waterfall	hex
Sound	79	0x4F	LogOut	hex
Sound	80	0x50	LogIn	hex
Sound	81	0x51	LifestoneOn	hex
Sound	82	0x52	AttribUp	hex
Sound	83	0x53	AttribDown	hex
Sound	84	0x54	SkillUp	hex
Sound	85	0x55	SkillDown	hex
Sound	86	0x56	HealthUp	hex
Sound	87	0x57	HealthDown	hex
Sound	88	0x58	ShieldUp	hex
Sound	89	0x59	ShieldDown	hex
Sound	90	0x5A	EnchantUp	hex
Sound	91	0x5B	EnchantDown	hex
Sound	92	0x5C	VisionUp	hex
Sound	93	0x5D	VisionDown	hex
Sound	94	0x5E	Fizzle	hex
Sound	95	0x5F	Launch	hex
Sound	96	0x60	Explode	hex
Sound	97	0x61	TransUp	hex
Sound	98	0x62	TransDown	hex
Sound	99	0x63	BreatheFlaem	hex
Sound	100	0x64	BreatheAcid	hex
Sound	101	0x65	BreatheFrost	hex
Sound	102	0x66	BreatheLightning	hex
Sound	103	0x67	Create	hex
Sound	104	0x68	Destroy	hex
Sound	105	0x69	Lockpicking	hex
Sound	106	0x6A	UI_EnterPortal	hex
Sound	107	0x6B	UI_ExitPortal	hex
Sound	108	0x6C	UI_GeneralQuery	hex
Sound	109	0x6D	UI_GeneralError	hex
Sound	110	0x6E	UI_TransientMessage	hex
Sound	111	0x6F	UI_IconPickUp	hex
Sound	112	0x70	UI_IconSuccessfulDrop	hex
Sound	113	0x71	UI_IconInvalid_Drop	hex
Sound	114	0x72	UI_ButtonPress	hex
Sound	115	0x73	UI_GrabSlider	hex
Sound	116	0x74	UI_ReleaseSlider	hex
Sound	117	0x75	UI_NewTargetSelected	hex
Sound	118	0x76	UI_Roar	hex
Sound	119	0x77	UI_Bell	hex
Sound	120	0x78	UI_Chant1	hex
Sound	121	0x79	UI_Chant2	hex
Sound	122	0x7A	UI_DarkWhispers1	hex
Sound	123	0x7B	UI_DarkWhispers2	hex
Sound	124	0x7C	UI_DarkLaugh	hex
Sound	125	0x7D	UI_DarkWind	hex
Sound	126	0x7E	UI_DarkSpeech	hex
Sound	127	0x7F	UI_Drums	hex
Sound	128	0x80	UI_GhostSpeak	hex
Sound	129	0x81	UI_Breathing	hex
Sound	130	0x82	UI_Howl	hex
Sound	131	0x83	UI_LostSouls	hex
Sound	132	0x84	UI_Squeal	hex
Sound	133	0x85	UI_Thunder1	hex
Sound	134	0x86	UI_Thunder2	hex
Sound	135	0x87	UI_Thunder3	hex
Sound	136	0x88	UI_Thunder4	hex
Sound	137	0x89	UI_Thunder5	hex
Sound	138	0x8A	UI_Thunder6	hex
Sound	139	0x8B	RaiseTrait	hex
Sound	140	0x8C	WieldObject	hex
Sound	141	0x8D	UnwieldObject	hex
Sound	142	0x8E	ReceiveItem	hex
Sound	143	0x8F	PickUpItem	hex
Sound	144	0x90	DropItem	hex
Sound	145	0x91	ResistSpell	hex
Sound	146	0x92	PicklockFail	hex
Sound	147	0x93	LockSuccess	hex
Sound	148	0x94	OpenFailDueToLock	hex
Sound	149	0x95	TriggerActivated	hex
Sound	150	0x96	SpellExpire	hex
Sound	151	0x97	ItemManaDepleted	hex
Sound	152	0x98	TriggerActivated1	hex
Sound	153	0x99	TriggerActivated2	hex
Sound	154	0x9A	TriggerActivated3	hex
Sound	155	0x9B	TriggerActivated4	hex
Sound	156	0x9C	TriggerActivated5	hex
Sound	157	0x9D	TriggerActivated6	hex
Sound	158	0x9E	TriggerActivated7	hex
Sound	159	0x9F	TriggerActivated8	hex
Sound	160	0xA0	TriggerActivated9	hex
Sound	161	0xA1	TriggerActivated10	hex
Sound	162	0xA2	TriggerActivated11	hex
Sound	163	0xA3	TriggerActivated12	hex
Sound	164	0xA4	TriggerActivated13	hex
Sound	165	0xA5	TriggerActivated14	hex
Sound	166	0xA6	TriggerActivated15	hex
Sound	167	0xA7	TriggerActivated16	hex
Sound	168	0xA8	TriggerActivated17	hex
Sound	169	0xA9	TriggerActivated18	hex
Sound	170	0xAA	TriggerActivated19	hex
Sound	171	0xAB	TriggerActivated20	hex
Sound	172	0xAC	TriggerActivated21	hex
Sound	173	0xAD	TriggerActivated22	hex
Sound	174	0xAE	TriggerActivated23	hex
Sound	175	0xAF	TriggerActivated24	hex
Sound	176	0xB0	TriggerActivated25	hex
Sound	177	0xB1	TriggerActivated26	hex
Sound	178	0xB2	TriggerActivated27	hex
Sound	179	0xB3	TriggerActivated28	hex
Sound	180	0xB4	TriggerActivated29	hex
Sound	181	0xB5	TriggerActivated30	hex
Sound	182	0xB6	TriggerActivated31	hex
Sound	183	0xB7	TriggerActivated32	hex
Sound	184	0xB8	TriggerActivated33	hex
Sound	185	0xB9	TriggerActivated34	hex
Sound	186	0xBA	TriggerActivated35	hex
Sound	187	0xBB	TriggerActivated36	hex
Sound	188	0xBC	TriggerActivated37	hex
Sound	189	0xBD	TriggerActivated38	hex
Sound	190	0xBE	TriggerActivated39	hex
Sound	191	0xBF	TriggerActivated40	hex
Sound	192	0xC0	TriggerActivated41	hex
Sound	193	0xC1	TriggerActivated42	hex
Sound	194	0xC2	TriggerActivated43	hex
Sound	195	0xC3	TriggerActivated44	hex
Sound	196	0xC4	TriggerActivated45	hex
Sound	197	0xC5	TriggerActivated46	hex
Sound	198	0xC6	TriggerActivated47	hex
Sound	199	0xC7	TriggerActivated48	hex
Sound	200	0xC8	TriggerActivated49	hex
Sound	201	0xC9	TriggerActivated50	hex
Sound	202	0xCA	HealthDownVoid	hex
Sound	203	0xCB	RegenDownVoid	hex
Sound	204	0xCC	SkillDownVoid	hex
SpellBookFilterOptions	0	0x0	None	hex (mask attr)
SpellBookFilterOptions	1	0x1	Creature	hex (mask attr)
SpellBookFilterOptions	2	0x2	Item	hex (mask attr)
SpellBookFilterOptions	4	0x4	Life	hex (mask attr)
SpellBookFilterOptions	8	0x8	War	hex (mask attr)
SpellBookFilterOptions	16	0x10	Level1	hex (mask attr)
SpellBookFilterOptions	32	0x20	Level2	hex (mask attr)
SpellBookFilterOptions	64	0x40	Level3	hex (mask attr)
SpellBookFilterOptions	128	0x80	Level4	hex (mask attr)
SpellBookFilterOptions	256	0x100	Level5	hex (mask attr)
SpellBookFilterOptions	512	0x200	Level6	hex (mask attr)
SpellBookFilterOptions	1024	0x400	Level7	hex (mask attr)
SpellBookFilterOptions	2048	0x800	Level8	hex (mask attr)
SpellBookFilterOptions	4096	0x1000	Level9	hex (mask attr)
SpellBookFilterOptions	8192	0x2000	Void	hex (mask attr)
SpellCategory	0	0x0	Undef	dec
SpellCategory	1	0x1	StrengthRaising	dec
SpellCategory	2	0x2	StrengthLowering	dec
SpellCategory	3	0x3	EnduranceRaising	dec
SpellCategory	4	0x4	EnduranceLowering	dec
SpellCategory	5	0x5	QuicknessRaising	dec
SpellCategory	6	0x6	QuicknessLowering	dec
SpellCategory	7	0x7	CoordinationRaising	dec
SpellCategory	8	0x8	CoordinationLowering	dec
SpellCategory	9	0x9	FocusRaising	dec
SpellCategory	10	0xA	FocusLowering	dec
SpellCategory	11	0xB	SelfRaising	dec
SpellCategory	12	0xC	SelfLowering	dec
SpellCategory	13	0xD	FocusConcentration	dec
SpellCategory	14	0xE	FocusDisruption	dec
SpellCategory	15	0xF	FocusBrilliance	dec
SpellCategory	16	0x10	FocusDullness	dec
SpellCategory	17	0x11	AxeRaising	dec
SpellCategory	18	0x12	AxeLowering	dec
SpellCategory	19	0x13	BowRaising	dec
SpellCategory	20	0x14	BowLowering	dec
SpellCategory	21	0x15	CrossbowRaising	dec
SpellCategory	22	0x16	CrossbowLowering	dec
SpellCategory	23	0x17	DaggerRaising	dec
SpellCategory	24	0x18	DaggerLowering	dec
SpellCategory	25	0x19	MaceRaising	dec
SpellCategory	26	0x1A	MaceLowering	dec
SpellCategory	27	0x1B	SpearRaising	dec
SpellCategory	28	0x1C	SpearLowering	dec
SpellCategory	29	0x1D	StaffRaising	dec
SpellCategory	30	0x1E	StaffLowering	dec
SpellCategory	31	0x1F	SwordRaising	dec
SpellCategory	32	0x20	SwordLowering	dec
SpellCategory	33	0x21	ThrownWeaponsRaising	dec
SpellCategory	34	0x22	ThrownWeaponsLowering	dec
SpellCategory	35	0x23	UnarmedCombatRaising	dec
SpellCategory	36	0x24	UnarmedCombatLowering	dec
SpellCategory	37	0x25	MeleeDefenseRaising	dec
SpellCategory	38	0x26	MeleeDefenseLowering	dec
SpellCategory	39	0x27	MissileDefenseRaising	dec
SpellCategory	40	0x28	MissileDefenseLowering	dec
SpellCategory	41	0x29	MagicDefenseRaising	dec
SpellCategory	42	0x2A	MagicDefenseLowering	dec
SpellCategory	43	0x2B	CreatureEnchantmentRaising	dec
SpellCategory	44	0x2C	CreatureEnchantmentLowering	dec
SpellCategory	45	0x2D	ItemEnchantmentRaising	dec
SpellCategory	46	0x2E	ItemEnchantmentLowering	dec
SpellCategory	47	0x2F	LifeMagicRaising	dec
SpellCategory	48	0x30	LifeMagicLowering	dec
SpellCategory	49	0x31	WarMagicRaising	dec
SpellCategory	50	0x32	WarMagicLowering	dec
SpellCategory	51	0x33	ManaConversionRaising	dec
SpellCategory	52	0x34	ManaConversionLowering	dec
SpellCategory	53	0x35	ArcaneLoreRaising	dec
SpellCategory	54	0x36	ArcaneLoreLowering	dec
SpellCategory	55	0x37	AppraiseArmorRaising	dec
SpellCategory	56	0x38	AppraiseArmorLowering	dec
SpellCategory	57	0x39	AppraiseItemRaising	dec
SpellCategory	58	0x3A	AppraiseItemLowering	dec
SpellCategory	59	0x3B	AppraiseMagicItemRaising	dec
SpellCategory	60	0x3C	AppraiseMagicItemLowering	dec
SpellCategory	61	0x3D	AppraiseWeaponRaising	dec
SpellCategory	62	0x3E	AppraiseWeaponLowering	dec
SpellCategory	63	0x3F	AssessMonsterRaising	dec
SpellCategory	64	0x40	AssessMonsterLowering	dec
SpellCategory	65	0x41	DeceptionRaising	dec
SpellCategory	66	0x42	DeceptionLowering	dec
SpellCategory	67	0x43	HealingRaising	dec
SpellCategory	68	0x44	HealingLowering	dec
SpellCategory	69	0x45	JumpRaising	dec
SpellCategory	70	0x46	JumpLowering	dec
SpellCategory	71	0x47	LeadershipRaising	dec
SpellCategory	72	0x48	LeadershipLowering	dec
SpellCategory	73	0x49	LockpickRaising	dec
SpellCategory	74	0x4A	LockpickLowering	dec
SpellCategory	75	0x4B	LoyaltyRaising	dec
SpellCategory	76	0x4C	LoyaltyLowering	dec
SpellCategory	77	0x4D	RunRaising	dec
SpellCategory	78	0x4E	RunLowering	dec
SpellCategory	79	0x4F	HealthRaising	dec
SpellCategory	80	0x50	HealthLowering	dec
SpellCategory	81	0x51	StaminaRaising	dec
SpellCategory	82	0x52	StaminaLowering	dec
SpellCategory	83	0x53	ManaRaising	dec
SpellCategory	84	0x54	ManaLowering	dec
SpellCategory	85	0x55	ManaRemedy	dec
SpellCategory	86	0x56	ManaMalediction	dec
SpellCategory	87	0x57	HealthTransfertocaster	dec
SpellCategory	88	0x58	HealthTransferfromcaster	dec
SpellCategory	89	0x59	StaminaTransfertocaster	dec
SpellCategory	90	0x5A	StaminaTransferfromcaster	dec
SpellCategory	91	0x5B	ManaTransfertocaster	dec
SpellCategory	92	0x5C	ManaTransferfromcaster	dec
SpellCategory	93	0x5D	HealthAccelerating	dec
SpellCategory	94	0x5E	HealthDecelerating	dec
SpellCategory	95	0x5F	StaminaAccelerating	dec
SpellCategory	96	0x60	StaminaDecelerating	dec
SpellCategory	97	0x61	ManaAccelerating	dec
SpellCategory	98	0x62	ManaDecelerating	dec
SpellCategory	99	0x63	VitaeRaising	dec
SpellCategory	100	0x64	VitaeLowering	dec
SpellCategory	101	0x65	AcidProtection	dec
SpellCategory	102	0x66	AcidVulnerability	dec
SpellCategory	103	0x67	BludgeonProtection	dec
SpellCategory	104	0x68	BludgeonVulnerability	dec
SpellCategory	105	0x69	ColdProtection	dec
SpellCategory	106	0x6A	ColdVulnerability	dec
SpellCategory	107	0x6B	ElectricProtection	dec
SpellCategory	108	0x6C	ElectricVulnerability	dec
SpellCategory	109	0x6D	FireProtection	dec
SpellCategory	110	0x6E	FireVulnerability	dec
SpellCategory	111	0x6F	PierceProtection	dec
SpellCategory	112	0x70	PierceVulnerability	dec
SpellCategory	113	0x71	SlashProtection	dec
SpellCategory	114	0x72	SlashVulnerability	dec
SpellCategory	115	0x73	ArmorRaising	dec
SpellCategory	116	0x74	ArmorLowering	dec
SpellCategory	117	0x75	AcidMissile	dec
SpellCategory	118	0x76	BludgeoningMissile	dec
SpellCategory	119	0x77	ColdMissile	dec
SpellCategory	120	0x78	ElectricMissile	dec
SpellCategory	121	0x79	FireMissile	dec
SpellCategory	122	0x7A	PiercingMissile	dec
SpellCategory	123	0x7B	SlashingMissile	dec
SpellCategory	124	0x7C	AcidSeeker	dec
SpellCategory	125	0x7D	BludgeoningSeeker	dec
SpellCategory	126	0x7E	ColdSeeker	dec
SpellCategory	127	0x7F	ElectricSeeker	dec
SpellCategory	128	0x80	FireSeeker	dec
SpellCategory	129	0x81	PiercingSeeker	dec
SpellCategory	130	0x82	SlashingSeeker	dec
SpellCategory	131	0x83	AcidBurst	dec
SpellCategory	132	0x84	BludgeoningBurst	dec
SpellCategory	133	0x85	ColdBurst	dec
SpellCategory	134	0x86	ElectricBurst	dec
SpellCategory	135	0x87	FireBurst	dec
SpellCategory	136	0x88	PiercingBurst	dec
SpellCategory	137	0x89	SlashingBurst	dec
SpellCategory	138	0x8A	AcidBlast	dec
SpellCategory	139	0x8B	BludgeoningBlast	dec
SpellCategory	140	0x8C	ColdBlast	dec
SpellCategory	141	0x8D	ElectricBlast	dec
SpellCategory	142	0x8E	FireBlast	dec
SpellCategory	143	0x8F	PiercingBlast	dec
SpellCategory	144	0x90	SlashingBlast	dec
SpellCategory	145	0x91	AcidScatter	dec
SpellCategory	146	0x92	BludgeoningScatter	dec
SpellCategory	147	0x93	ColdScatter	dec
SpellCategory	148	0x94	ElectricScatter	dec
SpellCategory	149	0x95	FireScatter	dec
SpellCategory	150	0x96	PiercingScatter	dec
SpellCategory	151	0x97	SlashingScatter	dec
SpellCategory	152	0x98	AttackModRaising	dec
SpellCategory	153	0x99	AttackModLowering	dec
SpellCategory	154	0x9A	DamageRaising	dec
SpellCategory	155	0x9B	DamageLowering	dec
SpellCategory	156	0x9C	DefenseModRaising	dec
SpellCategory	157	0x9D	DefenseModLowering	dec
SpellCategory	158	0x9E	WeaponTimeRaising	dec
SpellCategory	159	0x9F	WeaponTimeLowering	dec
SpellCategory	160	0xA0	ArmorValueRaising	dec
SpellCategory	161	0xA1	ArmorValueLowering	dec
SpellCategory	162	0xA2	AcidResistanceRaising	dec
SpellCategory	163	0xA3	AcidResistanceLowering	dec
SpellCategory	164	0xA4	BludgeonResistanceRaising	dec
SpellCategory	165	0xA5	BludgeonResistanceLowering	dec
SpellCategory	166	0xA6	ColdResistanceRaising	dec
SpellCategory	167	0xA7	ColdResistanceLowering	dec
SpellCategory	168	0xA8	ElectricResistanceRaising	dec
SpellCategory	169	0xA9	ElectricResistanceLowering	dec
SpellCategory	170	0xAA	FireResistanceRaising	dec
SpellCategory	171	0xAB	FireResistanceLowering	dec
SpellCategory	172	0xAC	PierceResistanceRaising	dec
SpellCategory	173	0xAD	PierceResistanceLowering	dec
SpellCategory	174	0xAE	SlashResistanceRaising	dec
SpellCategory	175	0xAF	SlashResistanceLowering	dec
SpellCategory	176	0xB0	BludgeoningResistanceRaising	dec
SpellCategory	177	0xB1	BludgeoningResistanceLowering	dec
SpellCategory	178	0xB2	SlashingResistanceRaising	dec
SpellCategory	179	0xB3	SlashingResistanceLowering	dec
SpellCategory	180	0xB4	PiercingResistanceRaising	dec
SpellCategory	181	0xB5	PiercingResistanceLowering	dec
SpellCategory	182	0xB6	ElectricalResistanceRaising	dec
SpellCategory	183	0xB7	ElectricalResistanceLowering	dec
SpellCategory	184	0xB8	FrostResistanceRaising	dec
SpellCategory	185	0xB9	FrostResistanceLowering	dec
SpellCategory	186	0xBA	FlameResistanceRaising	dec
SpellCategory	187	0xBB	FlameResistanceLowering	dec
SpellCategory	188	0xBC	AcidicResistanceRaising	dec
SpellCategory	189	0xBD	AcidicResistanceLowering	dec
SpellCategory	190	0xBE	ArmorLevelRaising	dec
SpellCategory	191	0xBF	ArmorLevelLowering	dec
SpellCategory	192	0xC0	LockpickResistanceRaising	dec
SpellCategory	193	0xC1	LockpickResistanceLowering	dec
SpellCategory	194	0xC2	ManaConversionModLowering	dec
SpellCategory	195	0xC3	ManaConversionModRaising	dec
SpellCategory	196	0xC4	VisionRaising	dec
SpellCategory	197	0xC5	VisionLowering	dec
SpellCategory	198	0xC6	TransparencyRaising	dec
SpellCategory	199	0xC7	TransparencyLowering	dec
SpellCategory	200	0xC8	PortalTie	dec
SpellCategory	201	0xC9	PortalRecall	dec
SpellCategory	202	0xCA	PortalCreation	dec
SpellCategory	203	0xCB	PortalItemCreation	dec
SpellCategory	204	0xCC	Vitae	dec
SpellCategory	205	0xCD	AssessPersonRaising	dec
SpellCategory	206	0xCE	AssessPersonLowering	dec
SpellCategory	207	0xCF	AcidVolley	dec
SpellCategory	208	0xD0	BludgeoningVolley	dec
SpellCategory	209	0xD1	FrostVolley	dec
SpellCategory	210	0xD2	LightningVolley	dec
SpellCategory	211	0xD3	FlameVolley	dec
SpellCategory	212	0xD4	ForceVolley	dec
SpellCategory	213	0xD5	BladeVolley	dec
SpellCategory	214	0xD6	PortalSending	dec
SpellCategory	215	0xD7	LifestoneSending	dec
SpellCategory	216	0xD8	CookingRaising	dec
SpellCategory	217	0xD9	CookingLowering	dec
SpellCategory	218	0xDA	FletchingRaising	dec
SpellCategory	219	0xDB	FletchingLowering	dec
SpellCategory	220	0xDC	AlchemyLowering	dec
SpellCategory	221	0xDD	AlchemyRaising	dec
SpellCategory	222	0xDE	AcidRing	dec
SpellCategory	223	0xDF	BludgeoningRing	dec
SpellCategory	224	0xE0	ColdRing	dec
SpellCategory	225	0xE1	ElectricRing	dec
SpellCategory	226	0xE2	FireRing	dec
SpellCategory	227	0xE3	PiercingRing	dec
SpellCategory	228	0xE4	SlashingRing	dec
SpellCategory	229	0xE5	AcidWall	dec
SpellCategory	230	0xE6	BludgeoningWall	dec
SpellCategory	231	0xE7	ColdWall	dec
SpellCategory	232	0xE8	ElectricWall	dec
SpellCategory	233	0xE9	FireWall	dec
SpellCategory	234	0xEA	PiercingWall	dec
SpellCategory	235	0xEB	SlashingWall	dec
SpellCategory	236	0xEC	AcidStrike	dec
SpellCategory	237	0xED	BludgeoningStrike	dec
SpellCategory	238	0xEE	ColdStrike	dec
SpellCategory	239	0xEF	ElectricStrike	dec
SpellCategory	240	0xF0	FireStrike	dec
SpellCategory	241	0xF1	PiercingStrike	dec
SpellCategory	242	0xF2	SlashingStrike	dec
SpellCategory	243	0xF3	AcidStreak	dec
SpellCategory	244	0xF4	BludgeoningStreak	dec
SpellCategory	245	0xF5	ColdStreak	dec
SpellCategory	246	0xF6	ElectricStreak	dec
SpellCategory	247	0xF7	FireStreak	dec
SpellCategory	248	0xF8	PiercingStreak	dec
SpellCategory	249	0xF9	SlashingStreak	dec
SpellCategory	250	0xFA	Dispel	dec
SpellCategory	251	0xFB	CreatureMysticRaising	dec
SpellCategory	252	0xFC	CreatureMysticLowering	dec
SpellCategory	253	0xFD	ItemMysticRaising	dec
SpellCategory	254	0xFE	ItemMysticLowering	dec
SpellCategory	255	0xFF	WarMysticRaising	dec
SpellCategory	256	0x100	WarMysticLowering	dec
SpellCategory	257	0x101	HealthRestoring	dec
SpellCategory	258	0x102	HealthDepleting	dec
SpellCategory	259	0x103	ManaRestoring	dec
SpellCategory	260	0x104	ManaDepleting	dec
SpellCategory	261	0x105	StrengthIncrease	dec
SpellCategory	262	0x106	StrengthDecrease	dec
SpellCategory	263	0x107	EnduranceIncrease	dec
SpellCategory	264	0x108	EnduranceDecrease	dec
SpellCategory	265	0x109	QuicknessIncrease	dec
SpellCategory	266	0x10A	QuicknessDecrease	dec
SpellCategory	267	0x10B	CoordinationIncrease	dec
SpellCategory	268	0x10C	CoordinationDecrease	dec
SpellCategory	269	0x10D	FocusIncrease	dec
SpellCategory	270	0x10E	FocusDecrease	dec
SpellCategory	271	0x10F	SelfIncrease	dec
SpellCategory	272	0x110	SelfDecrease	dec
SpellCategory	273	0x111	GreatVitalityRaising	dec
SpellCategory	274	0x112	PoorVitalityLowering	dec
SpellCategory	275	0x113	GreatVigorRaising	dec
SpellCategory	276	0x114	PoorVigorLowering	dec
SpellCategory	277	0x115	GreaterIntellectRaising	dec
SpellCategory	278	0x116	LessorIntellectLowering	dec
SpellCategory	279	0x117	LifeGiverRaising	dec
SpellCategory	280	0x118	LifeTakerLowering	dec
SpellCategory	281	0x119	StaminaGiverRaising	dec
SpellCategory	282	0x11A	StaminaTakerLowering	dec
SpellCategory	283	0x11B	ManaGiverRaising	dec
SpellCategory	284	0x11C	ManaTakerLowering	dec
SpellCategory	285	0x11D	AcidWardProtection	dec
SpellCategory	286	0x11E	AcidWardVulnerability	dec
SpellCategory	287	0x11F	FireWardProtection	dec
SpellCategory	288	0x120	FireWardVulnerability	dec
SpellCategory	289	0x121	ColdWardProtection	dec
SpellCategory	290	0x122	ColdWardVulnerability	dec
SpellCategory	291	0x123	ElectricWardProtection	dec
SpellCategory	292	0x124	ElectricWardVulnerability	dec
SpellCategory	293	0x125	LeadershipObedienceRaising	dec
SpellCategory	294	0x126	LeadershipObedienceLowering	dec
SpellCategory	295	0x127	MeleeDefenseShelterRaising	dec
SpellCategory	296	0x128	MeleeDefenseShelterLowering	dec
SpellCategory	297	0x129	MissileDefenseShelterRaising	dec
SpellCategory	298	0x12A	MissileDefenseShelterLowering	dec
SpellCategory	299	0x12B	MagicDefenseShelterRaising	dec
SpellCategory	300	0x12C	MagicDefenseShelterLowering	dec
SpellCategory	301	0x12D	HuntersAcumenRaising	dec
SpellCategory	302	0x12E	HuntersAcumenLowering	dec
SpellCategory	303	0x12F	StillWaterRaising	dec
SpellCategory	304	0x130	StillWaterLowering	dec
SpellCategory	305	0x131	StrengthofEarthRaising	dec
SpellCategory	306	0x132	StrengthofEarthLowering	dec
SpellCategory	307	0x133	TorrentRaising	dec
SpellCategory	308	0x134	TorrentLowering	dec
SpellCategory	309	0x135	GrowthRaising	dec
SpellCategory	310	0x136	GrowthLowering	dec
SpellCategory	311	0x137	CascadeAxeRaising	dec
SpellCategory	312	0x138	CascadeAxeLowering	dec
SpellCategory	313	0x139	CascadeDaggerRaising	dec
SpellCategory	314	0x13A	CascadeDaggerLowering	dec
SpellCategory	315	0x13B	CascadeMaceRaising	dec
SpellCategory	316	0x13C	CascadeMaceLowering	dec
SpellCategory	317	0x13D	CascadeSpearRaising	dec
SpellCategory	318	0x13E	CascadeSpearLowering	dec
SpellCategory	319	0x13F	CascadeStaffRaising	dec
SpellCategory	320	0x140	CascadeStaffLowering	dec
SpellCategory	321	0x141	StoneCliffsRaising	dec
SpellCategory	322	0x142	StoneCliffsLowering	dec
SpellCategory	323	0x143	MaxDamageRaising	dec
SpellCategory	324	0x144	MaxDamageLowering	dec
SpellCategory	325	0x145	BowDamageRaising	dec
SpellCategory	326	0x146	BowDamageLowering	dec
SpellCategory	327	0x147	BowRangeRaising	dec
SpellCategory	328	0x148	BowRangeLowering	dec
SpellCategory	329	0x149	ExtraDefenseModRaising	dec
SpellCategory	330	0x14A	ExtraDefenseModLowering	dec
SpellCategory	331	0x14B	ExtraBowSkillRaising	dec
SpellCategory	332	0x14C	ExtraBowSkillLowering	dec
SpellCategory	333	0x14D	ExtraAlchemySkillRaising	dec
SpellCategory	334	0x14E	ExtraAlchemySkillLowering	dec
SpellCategory	335	0x14F	ExtraArcaneLoreSkillRaising	dec
SpellCategory	336	0x150	ExtraArcaneLoreSkillLowering	dec
SpellCategory	337	0x151	ExtraAppraiseArmorSkillRaising	dec
SpellCategory	338	0x152	ExtraAppraiseArmorSkillLowering	dec
SpellCategory	339	0x153	ExtraCookingSkillRaising	dec
SpellCategory	340	0x154	ExtraCookingSkillLowering	dec
SpellCategory	341	0x155	ExtraCrossbowSkillRaising	dec
SpellCategory	342	0x156	ExtraCrossbowSkillLowering	dec
SpellCategory	343	0x157	ExtraDeceptionSkillRaising	dec
SpellCategory	344	0x158	ExtraDeceptionSkillLowering	dec
SpellCategory	345	0x159	ExtraLoyaltySkillRaising	dec
SpellCategory	346	0x15A	ExtraLoyaltySkillLowering	dec
SpellCategory	347	0x15B	ExtraFletchingSkillRaising	dec
SpellCategory	348	0x15C	ExtraFletchingSkillLowering	dec
SpellCategory	349	0x15D	ExtraHealingSkillRaising	dec
SpellCategory	350	0x15E	ExtraHealingSkillLowering	dec
SpellCategory	351	0x15F	ExtraMeleeDefenseSkillRaising	dec
SpellCategory	352	0x160	ExtraMeleeDefenseSkillLowering	dec
SpellCategory	353	0x161	ExtraAppraiseItemSkillRaising	dec
SpellCategory	354	0x162	ExtraAppraiseItemSkillLowering	dec
SpellCategory	355	0x163	ExtraJumpingSkillRaising	dec
SpellCategory	356	0x164	ExtraJumpingSkillLowering	dec
SpellCategory	357	0x165	ExtraLifeMagicSkillRaising	dec
SpellCategory	358	0x166	ExtraLifeMagicSkillLowering	dec
SpellCategory	359	0x167	ExtraLockpickSkillRaising	dec
SpellCategory	360	0x168	ExtraLockpickSkillLowering	dec
SpellCategory	361	0x169	ExtraAppraiseMagicItemSkillRaising	dec
SpellCategory	362	0x16A	ExtraAppraiseMagicItemSkillLowering	dec
SpellCategory	363	0x16B	ExtraManaConversionSkillRaising	dec
SpellCategory	364	0x16C	ExtraManaConversionSkillLowering	dec
SpellCategory	365	0x16D	ExtraAssessCreatureSkillRaising	dec
SpellCategory	366	0x16E	ExtraAssessCreatureSkillLowering	dec
SpellCategory	367	0x16F	ExtraAssessPersonSkillRaising	dec
SpellCategory	368	0x170	ExtraAssessPersonSkillLowering	dec
SpellCategory	369	0x171	ExtraRunSkillRaising	dec
SpellCategory	370	0x172	ExtraRunSkillLowering	dec
SpellCategory	371	0x173	ExtraSwordSkillRaising	dec
SpellCategory	372	0x174	ExtraSwordSkillLowering	dec
SpellCategory	373	0x175	ExtraThrownWeaponsSkillRaising	dec
SpellCategory	374	0x176	ExtraThrownWeaponsSkillLowering	dec
SpellCategory	375	0x177	ExtraUnarmedCombatSkillRaising	dec
SpellCategory	376	0x178	ExtraUnarmedCombatSkillLowering	dec
SpellCategory	377	0x179	ExtraAppraiseWeaponSkillRaising	dec
SpellCategory	378	0x17A	ExtraAppraiseWeaponSkillLowering	dec
SpellCategory	379	0x17B	ArmorIncrease	dec
SpellCategory	380	0x17C	ArmorDecrease	dec
SpellCategory	381	0x17D	ExtraAcidResistanceRaising	dec
SpellCategory	382	0x17E	ExtraAcidResistanceLowering	dec
SpellCategory	383	0x17F	ExtraBludgeonResistanceRaising	dec
SpellCategory	384	0x180	ExtraBludgeonResistanceLowering	dec
SpellCategory	385	0x181	ExtraFireResistanceRaising	dec
SpellCategory	386	0x182	ExtraFireResistanceLowering	dec
SpellCategory	387	0x183	ExtraColdResistanceRaising	dec
SpellCategory	388	0x184	ExtraColdResistanceLowering	dec
SpellCategory	389	0x185	ExtraAttackModRaising	dec
SpellCategory	390	0x186	ExtraAttackModLowering	dec
SpellCategory	391	0x187	ExtraArmorValueRaising	dec
SpellCategory	392	0x188	ExtraArmorValueLowering	dec
SpellCategory	393	0x189	ExtraPierceResistanceRaising	dec
SpellCategory	394	0x18A	ExtraPierceResistanceLowering	dec
SpellCategory	395	0x18B	ExtraSlashResistanceRaising	dec
SpellCategory	396	0x18C	ExtraSlashResistanceLowering	dec
SpellCategory	397	0x18D	ExtraElectricResistanceRaising	dec
SpellCategory	398	0x18E	ExtraElectricResistanceLowering	dec
SpellCategory	399	0x18F	ExtraWeaponTimeRaising	dec
SpellCategory	400	0x190	ExtraWeaponTimeLowering	dec
SpellCategory	401	0x191	BludgeonWardProtection	dec
SpellCategory	402	0x192	BludgeonWardVulnerability	dec
SpellCategory	403	0x193	SlashWardProtection	dec
SpellCategory	404	0x194	SlashWardVulnerability	dec
SpellCategory	405	0x195	PierceWardProtection	dec
SpellCategory	406	0x196	PierceWardVulnerability	dec
SpellCategory	407	0x197	StaminaRestoring	dec
SpellCategory	408	0x198	StaminaDepleting	dec
SpellCategory	409	0x199	Fireworks	dec
SpellCategory	410	0x19A	HealthDivide	dec
SpellCategory	411	0x19B	StaminaDivide	dec
SpellCategory	412	0x19C	ManaDivide	dec
SpellCategory	413	0x19D	CoordinationIncrease2	dec
SpellCategory	414	0x19E	StrengthIncrease2	dec
SpellCategory	415	0x19F	FocusIncrease2	dec
SpellCategory	416	0x1A0	EnduranceIncrease2	dec
SpellCategory	417	0x1A1	SelfIncrease2	dec
SpellCategory	418	0x1A2	MeleeDefenseMultiply	dec
SpellCategory	419	0x1A3	MissileDefenseMultiply	dec
SpellCategory	420	0x1A4	MagicDefenseMultiply	dec
SpellCategory	421	0x1A5	AttributesDecrease	dec
SpellCategory	422	0x1A6	LifeGiverRaising2	dec
SpellCategory	423	0x1A7	ItemEnchantmentRaising2	dec
SpellCategory	424	0x1A8	SkillsDecrease	dec
SpellCategory	425	0x1A9	ExtraManaConversionBonus	dec
SpellCategory	426	0x1AA	WarMysticRaising2	dec
SpellCategory	427	0x1AB	WarMysticLowering2	dec
SpellCategory	428	0x1AC	MagicDefenseShelterRaising2	dec
SpellCategory	429	0x1AD	ExtraLifeMagicSkillRaising2	dec
SpellCategory	430	0x1AE	CreatureMysticRaising2	dec
SpellCategory	431	0x1AF	ItemMysticRaising2	dec
SpellCategory	432	0x1B0	ManaRaising2	dec
SpellCategory	433	0x1B1	SelfRaising2	dec
SpellCategory	434	0x1B2	CreatureEnchantmentRaising2	dec
SpellCategory	435	0x1B3	SalvagingRaising	dec
SpellCategory	436	0x1B4	ExtraSalvagingRaising	dec
SpellCategory	437	0x1B5	ExtraSalvagingRaising2	dec
SpellCategory	438	0x1B6	CascadeAxeRaising2	dec
SpellCategory	439	0x1B7	ExtraBowSkillRaising2	dec
SpellCategory	440	0x1B8	ExtraThrownWeaponsSkillRaising2	dec
SpellCategory	441	0x1B9	ExtraCrossbowSkillRaising2	dec
SpellCategory	442	0x1BA	CascadeDaggerRaising2	dec
SpellCategory	443	0x1BB	CascadeMaceRaising2	dec
SpellCategory	444	0x1BC	ExtraUnarmedCombatSkillRaising2	dec
SpellCategory	445	0x1BD	CascadeSpearRaising2	dec
SpellCategory	446	0x1BE	CascadeStaffRaising2	dec
SpellCategory	447	0x1BF	ExtraSwordSkillRaising2	dec
SpellCategory	448	0x1C0	AcidProtectionRare	dec
SpellCategory	449	0x1C1	AcidResistanceRaisingRare	dec
SpellCategory	450	0x1C2	AlchemyRaisingRare	dec
SpellCategory	451	0x1C3	AppraisalResistanceLoweringRare	dec
SpellCategory	452	0x1C4	AppraiseArmorRaisingRare	dec
SpellCategory	453	0x1C5	AppraiseItemRaisingRare	dec
SpellCategory	454	0x1C6	AppraiseMagicItemRaisingRare	dec
SpellCategory	455	0x1C7	AppraiseWeaponRaisingRare	dec
SpellCategory	456	0x1C8	ArcaneLoreRaisingRare	dec
SpellCategory	457	0x1C9	ArmorRaisingRare	dec
SpellCategory	458	0x1CA	ArmorValueRaisingRare	dec
SpellCategory	459	0x1CB	AssessMonsterRaisingRare	dec
SpellCategory	460	0x1CC	AssessPersonRaisingRare	dec
SpellCategory	461	0x1CD	AttackModRaisingRare	dec
SpellCategory	462	0x1CE	AxeRaisingRare	dec
SpellCategory	463	0x1CF	BludgeonProtectionRare	dec
SpellCategory	464	0x1D0	BludgeonResistanceRaisingRare	dec
SpellCategory	465	0x1D1	BowRaisingRare	dec
SpellCategory	466	0x1D2	ColdProtectionRare	dec
SpellCategory	467	0x1D3	ColdResistanceRaisingRare	dec
SpellCategory	468	0x1D4	CookingRaisingRare	dec
SpellCategory	469	0x1D5	CoordinationRaisingRare	dec
SpellCategory	470	0x1D6	CreatureEnchantmentRaisingRare	dec
SpellCategory	471	0x1D7	CrossbowRaisingRare	dec
SpellCategory	472	0x1D8	DaggerRaisingRare	dec
SpellCategory	473	0x1D9	DamageRaisingRare	dec
SpellCategory	474	0x1DA	DeceptionRaisingRare	dec
SpellCategory	475	0x1DB	DefenseModRaisingRare	dec
SpellCategory	476	0x1DC	ElectricProtectionRare	dec
SpellCategory	477	0x1DD	ElectricResistanceRaisingRare	dec
SpellCategory	478	0x1DE	EnduranceRaisingRare	dec
SpellCategory	479	0x1DF	FireProtectionRare	dec
SpellCategory	480	0x1E0	FireResistanceRaisingRare	dec
SpellCategory	481	0x1E1	FletchingRaisingRare	dec
SpellCategory	482	0x1E2	FocusRaisingRare	dec
SpellCategory	483	0x1E3	HealingRaisingRare	dec
SpellCategory	484	0x1E4	HealthAcceleratingRare	dec
SpellCategory	485	0x1E5	ItemEnchantmentRaisingRare	dec
SpellCategory	486	0x1E6	JumpRaisingRare	dec
SpellCategory	487	0x1E7	LeadershipRaisingRare	dec
SpellCategory	488	0x1E8	LifeMagicRaisingRare	dec
SpellCategory	489	0x1E9	LockpickRaisingRare	dec
SpellCategory	490	0x1EA	LoyaltyRaisingRare	dec
SpellCategory	491	0x1EB	MaceRaisingRare	dec
SpellCategory	492	0x1EC	MagicDefenseRaisingRare	dec
SpellCategory	493	0x1ED	ManaAcceleratingRare	dec
SpellCategory	494	0x1EE	ManaConversionRaisingRare	dec
SpellCategory	495	0x1EF	MeleeDefenseRaisingRare	dec
SpellCategory	496	0x1F0	MissileDefenseRaisingRare	dec
SpellCategory	497	0x1F1	PierceProtectionRare	dec
SpellCategory	498	0x1F2	PierceResistanceRaisingRare	dec
SpellCategory	499	0x1F3	QuicknessRaisingRare	dec
SpellCategory	500	0x1F4	RunRaisingRare	dec
SpellCategory	501	0x1F5	SelfRaisingRare	dec
SpellCategory	502	0x1F6	SlashProtectionRare	dec
SpellCategory	503	0x1F7	SlashResistanceRaisingRare	dec
SpellCategory	504	0x1F8	SpearRaisingRare	dec
SpellCategory	505	0x1F9	StaffRaisingRare	dec
SpellCategory	506	0x1FA	StaminaAcceleratingRare	dec
SpellCategory	507	0x1FB	StrengthRaisingRare	dec
SpellCategory	508	0x1FC	SwordRaisingRare	dec
SpellCategory	509	0x1FD	ThrownWeaponsRaisingRare	dec
SpellCategory	510	0x1FE	UnarmedCombatRaisingRare	dec
SpellCategory	511	0x1FF	WarMagicRaisingRare	dec
SpellCategory	512	0x200	WeaponTimeRaisingRare	dec
SpellCategory	513	0x201	ArmorIncreaseInkyArmor	dec
SpellCategory	514	0x202	MagicDefenseShelterRaisingFiun	dec
SpellCategory	515	0x203	ExtraRunSkillRaisingFiun	dec
SpellCategory	516	0x204	ExtraManaConversionSkillRaisingFiun	dec
SpellCategory	517	0x205	AttributesIncreaseCantrip1	dec
SpellCategory	518	0x206	ExtraMeleeDefenseSkillRaising2	dec
SpellCategory	519	0x207	ACTDPurchaseRewardSpell	dec
SpellCategory	520	0x208	ACTDPurchaseRewardSpellHealth	dec
SpellCategory	521	0x209	SaltAshAttackModRaising	dec
SpellCategory	522	0x20A	QuicknessIncrease2	dec
SpellCategory	523	0x20B	ExtraAlchemySkillRaising2	dec
SpellCategory	524	0x20C	ExtraCookingSkillRaising2	dec
SpellCategory	525	0x20D	ExtraFletchingSkillRaising2	dec
SpellCategory	526	0x20E	ExtraLockpickSkillRaising2	dec
SpellCategory	527	0x20F	MucorManaWell	dec
SpellCategory	528	0x210	StaminaRestoring2	dec
SpellCategory	529	0x211	AllegianceRaising	dec
SpellCategory	530	0x212	HealthDoT	dec
SpellCategory	531	0x213	HealthDoTSecondary	dec
SpellCategory	532	0x214	HealthDoTTertiary	dec
SpellCategory	533	0x215	HealthHoT	dec
SpellCategory	534	0x216	HealthHoTSecondary	dec
SpellCategory	535	0x217	HealthHoTTertiary	dec
SpellCategory	536	0x218	HealthDivideSecondary	dec
SpellCategory	537	0x219	HealthDivideTertiary	dec
SpellCategory	538	0x21A	SetSwordRaising	dec
SpellCategory	539	0x21B	SetAxeRaising	dec
SpellCategory	540	0x21C	SetDaggerRaising	dec
SpellCategory	541	0x21D	SetMaceRaising	dec
SpellCategory	542	0x21E	SetSpearRaising	dec
SpellCategory	543	0x21F	SetStaffRaising	dec
SpellCategory	544	0x220	SetUnarmedRaising	dec
SpellCategory	545	0x221	SetBowRaising	dec
SpellCategory	546	0x222	SetCrossbowRaising	dec
SpellCategory	547	0x223	SetThrownRaising	dec
SpellCategory	548	0x224	SetItemEnchantmentRaising	dec
SpellCategory	549	0x225	SetCreatureEnchantmentRaising	dec
SpellCategory	550	0x226	SetWarMagicRaising	dec
SpellCategory	551	0x227	SetLifeMagicRaising	dec
SpellCategory	552	0x228	SetMeleeDefenseRaising	dec
SpellCategory	553	0x229	SetMissileDefenseRaising	dec
SpellCategory	554	0x22A	SetMagicDefenseRaising	dec
SpellCategory	555	0x22B	SetStaminaAccelerating	dec
SpellCategory	556	0x22C	SetCookingRaising	dec
SpellCategory	557	0x22D	SetFletchingRaising	dec
SpellCategory	558	0x22E	SetLockpickRaising	dec
SpellCategory	559	0x22F	SetAlchemyRaising	dec
SpellCategory	560	0x230	SetSalvagingRaising	dec
SpellCategory	561	0x231	SetArmorExpertiseRaising	dec
SpellCategory	562	0x232	SetWeaponExpertiseRaising	dec
SpellCategory	563	0x233	SetItemTinkeringRaising	dec
SpellCategory	564	0x234	SetMagicItemExpertiseRaising	dec
SpellCategory	565	0x235	SetLoyaltyRaising	dec
SpellCategory	566	0x236	SetStrengthRaising	dec
SpellCategory	567	0x237	SetEnduranceRaising	dec
SpellCategory	568	0x238	SetCoordinationRaising	dec
SpellCategory	569	0x239	SetQuicknessRaising	dec
SpellCategory	570	0x23A	SetFocusRaising	dec
SpellCategory	571	0x23B	SetWillpowerRaising	dec
SpellCategory	572	0x23C	SetHealthRaising	dec
SpellCategory	573	0x23D	SetStaminaRaising	dec
SpellCategory	574	0x23E	SetManaRaising	dec
SpellCategory	575	0x23F	SetSprintRaising	dec
SpellCategory	576	0x240	SetJumpingRaising	dec
SpellCategory	577	0x241	SetSlashResistanceRaising	dec
SpellCategory	578	0x242	SetBludgeonResistanceRaising	dec
SpellCategory	579	0x243	SetPierceResistanceRaising	dec
SpellCategory	580	0x244	SetFlameResistanceRaising	dec
SpellCategory	581	0x245	SetAcidResistanceRaising	dec
SpellCategory	582	0x246	SetFrostResistanceRaising	dec
SpellCategory	583	0x247	SetLightningResistanceRaising	dec
SpellCategory	584	0x248	CraftingLockPickRaising	dec
SpellCategory	585	0x249	CraftingFletchingRaising	dec
SpellCategory	586	0x24A	CraftingCookingRaising	dec
SpellCategory	587	0x24B	CraftingAlchemyRaising	dec
SpellCategory	588	0x24C	CraftingArmorTinkeringRaising	dec
SpellCategory	589	0x24D	CraftingWeaponTinkeringRaising	dec
SpellCategory	590	0x24E	CraftingMagicTinkeringRaising	dec
SpellCategory	591	0x24F	CraftingItemTinkeringRaising	dec
SpellCategory	592	0x250	SkillPercentAlchemyRaising	dec
SpellCategory	593	0x251	TwoHandedRaising	dec
SpellCategory	594	0x252	TwoHandedLowering	dec
SpellCategory	595	0x253	ExtraTwoHandedSkillRaising	dec
SpellCategory	596	0x254	ExtraTwoHandedSkillLowering	dec
SpellCategory	597	0x255	ExtraTwoHandedSkillRaising2	dec
SpellCategory	598	0x256	TwoHandedRaisingRare	dec
SpellCategory	599	0x257	SetTwoHandedRaising	dec
SpellCategory	600	0x258	GearCraftRaising	dec
SpellCategory	601	0x259	GearCraftLowering	dec
SpellCategory	602	0x25A	ExtraGearCraftSkillRaising	dec
SpellCategory	603	0x25B	ExtraGearCraftSkillLowering	dec
SpellCategory	604	0x25C	ExtraGearCraftSkillRaising2	dec
SpellCategory	605	0x25D	GearCraftRaisingRare	dec
SpellCategory	606	0x25E	SetGearCraftRaising	dec
SpellCategory	607	0x25F	LoyaltyManaRaising	dec
SpellCategory	608	0x260	LoyaltyStaminaRaising	dec
SpellCategory	609	0x261	LeadershipHealthRaising	dec
SpellCategory	610	0x262	TrinketDamageRaising	dec
SpellCategory	611	0x263	TrinketDamageLowering	dec
SpellCategory	612	0x264	TrinketHealthRaising	dec
SpellCategory	613	0x265	TrinketStaminaRaising	dec
SpellCategory	614	0x266	TrinketManaRaising	dec
SpellCategory	615	0x267	TrinketXPRaising	dec
SpellCategory	616	0x268	DeceptionArcaneLoreRaising	dec
SpellCategory	617	0x269	HealOverTimeRaising	dec
SpellCategory	618	0x26A	DamageOverTimeRaising	dec
SpellCategory	619	0x26B	HealingResistRatingRaising	dec
SpellCategory	620	0x26C	AetheriaDamageRatingRaising	dec
SpellCategory	621	0x26D	AetheriaDamageReductionRaising	dec
SpellCategory	623	0x26F	AetheriaHealthRaising	dec
SpellCategory	624	0x270	AetheriaStaminaRaising	dec
SpellCategory	625	0x271	AetheriaManaRaising	dec
SpellCategory	626	0x272	AetheriaCriticalDamageRaising	dec
SpellCategory	627	0x273	AetheriaHealingAmplificationRaising	dec
SpellCategory	628	0x274	AetheriaProcDamageRatingRaising	dec
SpellCategory	629	0x275	AetheriaProcDamageReductionRaising	dec
SpellCategory	630	0x276	AetheriaProcHealthOverTimeRaising	dec
SpellCategory	631	0x277	AetheriaProcDamageOverTimeRaising	dec
SpellCategory	632	0x278	AetheriaProcHealingReductionRaising	dec
SpellCategory	633	0x279	RareDamageRatingRaising	dec
SpellCategory	634	0x27A	RareDamageReductionRatingRaising	dec
SpellCategory	635	0x27B	AetheriaEnduranceRaising	dec
SpellCategory	636	0x27C	NetherDamageOverTimeRaising	dec
SpellCategory	637	0x27D	NetherDamageOverTimeRaising2	dec
SpellCategory	638	0x27E	NetherDamageOverTimeRaising3	dec
SpellCategory	639	0x27F	NetherStreak	dec
SpellCategory	640	0x280	NetherMissile	dec
SpellCategory	641	0x281	NetherRing	dec
SpellCategory	642	0x282	NetherDamageRatingLowering	dec
SpellCategory	643	0x283	NetherDamageHealingReductionRaising	dec
SpellCategory	644	0x284	VoidMagicLowering	dec
SpellCategory	645	0x285	VoidMagicRaising	dec
SpellCategory	646	0x286	VoidMysticRaising	dec
SpellCategory	647	0x287	SetVoidMagicRaising	dec
SpellCategory	648	0x288	VoidMagicRaisingRare	dec
SpellCategory	649	0x289	VoidMysticRaising2	dec
SpellCategory	650	0x28A	LuminanceDamageRatingRaising	dec
SpellCategory	651	0x28B	LuminanceDamageReductionRaising	dec
SpellCategory	652	0x28C	LuminanceHealthRaising	dec
SpellCategory	653	0x28D	AetheriaCriticalReductionRaising	dec
SpellCategory	654	0x28E	ExtraMissileDefenseSkillRaising	dec
SpellCategory	655	0x28F	ExtraMissileDefenseSkillLowering	dec
SpellCategory	656	0x290	ExtraMissileDefenseSkillRaising2	dec
SpellCategory	657	0x291	AetheriaHealthResistanceRaising	dec
SpellCategory	658	0x292	AetheriaDotResistanceRaising	dec
SpellCategory	659	0x293	CloakSkillRaising	dec
SpellCategory	660	0x294	CloakAllSkillRaising	dec
SpellCategory	661	0x295	CloakMagicDefenseLowering	dec
SpellCategory	662	0x296	CloakMeleeDefenseLowering	dec
SpellCategory	663	0x297	CloakMissileDefenseLowering	dec
SpellCategory	664	0x298	DirtyFightingLowering	dec
SpellCategory	665	0x299	DirtyFightingRaising	dec
SpellCategory	666	0x29A	ExtraDirtyFightingRaising	dec
SpellCategory	667	0x29B	DualWieldLowering	dec
SpellCategory	668	0x29C	DualWieldRaising	dec
SpellCategory	669	0x29D	ExtraDualWieldRaising	dec
SpellCategory	670	0x29E	RecklessnessLowering	dec
SpellCategory	671	0x29F	RecklessnessRaising	dec
SpellCategory	672	0x2A0	ExtraRecklessnessRaising	dec
SpellCategory	673	0x2A1	ShieldLowering	dec
SpellCategory	674	0x2A2	ShieldRaising	dec
SpellCategory	675	0x2A3	ExtraShieldRaising	dec
SpellCategory	676	0x2A4	SneakAttackLowering	dec
SpellCategory	677	0x2A5	SneakAttackRaising	dec
SpellCategory	678	0x2A6	ExtraSneakAttackRaising	dec
SpellCategory	679	0x2A7	RareDirtyFightingRaising	dec
SpellCategory	680	0x2A8	RareDualWieldRaising	dec
SpellCategory	681	0x2A9	RareRecklessnessRaising	dec
SpellCategory	682	0x2AA	RareShieldRaising	dec
SpellCategory	683	0x2AB	RareSneakAttackRaising	dec
SpellCategory	684	0x2AC	DFAttackSkillDebuff	dec
SpellCategory	685	0x2AD	DFBleedDamage	dec
SpellCategory	686	0x2AE	DFDefenseSkillDebuff	dec
SpellCategory	687	0x2AF	DFHealingDebuff	dec
SpellCategory	688	0x2B0	SetDirtyFightingRaising	dec
SpellCategory	689	0x2B1	SetDualWieldRaising	dec
SpellCategory	690	0x2B2	SetRecklessnessRaising	dec
SpellCategory	691	0x2B3	SetShieldRaising	dec
SpellCategory	692	0x2B4	SetSneakAttackRaising	dec
SpellCategory	693	0x2B5	LifeGiverMhoire	dec
SpellCategory	694	0x2B6	RareDamageRatingRaising2	dec
SpellCategory	695	0x2B7	SpellDamageRaising	dec
SpellCategory	696	0x2B8	SummoningRaising	dec
SpellCategory	697	0x2B9	SummoningLowering	dec
SpellCategory	698	0x2BA	ExtraSummoningSkillRaising	dec
SpellCategory	699	0x2BB	SetSummoningRaising	dec
SpellCategory	704	0x2C0	ParagonEnduranceRaising	dec
SpellCategory	705	0x2C1	ParagonManaRaising	dec
SpellCategory	706	0x2C2	ParagonStaminaRaising	dec
SpellCategory	707	0x2C3	ParagonDirtyFightingRaising	dec
SpellCategory	708	0x2C4	ParagonDualWieldRaising	dec
SpellCategory	709	0x2C5	ParagonRecklessnessRaising	dec
SpellCategory	710	0x2C6	ParagonSneakAttackRaising	dec
SpellCategory	711	0x2C7	ParagonDamageRatingRaising	dec
SpellCategory	712	0x2C8	ParagonDamageReductionRatingRaising	dec
SpellCategory	713	0x2C9	ParagonCriticalDamageRatingRaising	dec
SpellCategory	714	0x2CA	ParagonCriticalDamageReductionRatingRaising	dec
SpellCategory	715	0x2CB	ParagonAxeRaising	dec
SpellCategory	716	0x2CC	ParagonDaggerRaising	dec
SpellCategory	717	0x2CD	ParagonSwordRaising	dec
SpellCategory	718	0x2CE	ParagonWarMagicRaising	dec
SpellCategory	719	0x2CF	ParagonLifeMagicRaising	dec
SpellCategory	720	0x2D0	ParagonVoidMagicRaising	dec
SpellCategory	721	0x2D1	ParagonBowRaising	dec
SpellCategory	722	0x2D2	ParagonStrengthRaising	dec
SpellCategory	723	0x2D3	ParagonCoordinationRaising	dec
SpellCategory	724	0x2D4	ParagonQuicknessRaising	dec
SpellCategory	725	0x2D5	ParagonFocusRaising	dec
SpellCategory	726	0x2D6	ParagonWillpowerRaising	dec
SpellCategory	727	0x2D7	ParagonTwoHandedRaising	dec
SpellCategory	728	0x2D8	GauntletDamageReductionRatingRaising	dec
SpellCategory	729	0x2D9	GauntletDamageRatingRaising	dec
SpellCategory	730	0x2DA	GauntletHealingRatingRaising	dec
SpellCategory	731	0x2DB	GauntletVitalityRaising	dec
SpellCategory	732	0x2DC	GauntletCriticalDamageRatingRaising	dec
SpellCategory	733	0x2DD	GauntletCriticalDamageReductionRatingRaising	dec
StanceMode	60	0x3C	HandCombat	hex
StanceMode	61	0x3D	NonCombat	hex
StanceMode	62	0x3E	SwordCombat	hex
StanceMode	63	0x3F	BowCombat	hex
StanceMode	64	0x40	SwordShieldCombat	hex
StanceMode	65	0x41	CrossbowCombat	hex
StanceMode	66	0x42	UnusedCombat	hex
StanceMode	67	0x43	SlingCombat	hex
StanceMode	68	0x44	TwoHandedSwordCombat	hex
StanceMode	69	0x45	TwoHandedStaffCombat	hex
StanceMode	70	0x46	DualWieldCombat	hex
StanceMode	71	0x47	ThrownWeaponCombat	hex
StanceMode	232	0xE8	BowNoAmmo	hex
StanceMode	233	0xE9	CrossBowNoAmmo	hex
StanceMode	312	0x138	AtlatlCombat	hex
StanceMode	313	0x139	ThrownShieldCombat	hex
SubscriptionStatus	0	0x0	No_Subscription	hex
SubscriptionStatus	1	0x1	AsheronsCall_Subscription	hex
SubscriptionStatus	2	0x2	DarkMajesty_Subscription	hex
SubscriptionStatus	3	0x3	ThroneOfDestiny_Subscription	hex
SubscriptionStatus	4	0x4	ThroneOfDestiny_Preordered	hex
SummoningMastery	0	0x0	Undef	hex
SummoningMastery	1	0x1	Primalist	hex
SummoningMastery	2	0x2	Necromancer	hex
SummoningMastery	3	0x3	Naturalist	hex
TradeSide	1	0x1	Self	hex
TradeSide	2	0x2	Partner	hex
TurbineChatType	1	0x1	ServerToClientMessage	hex
TurbineChatType	3	0x3	ClientToServerMessage	hex
TurbineChatType	5	0x5	AckClientToServerMessage	hex
UiEffects	0	0x0	Undef	hex (mask attr)
UiEffects	1	0x1	Magical	hex (mask attr)
UiEffects	2	0x2	Poisoned	hex (mask attr)
UiEffects	4	0x4	BoostHealth	hex (mask attr)
UiEffects	8	0x8	BoostMana	hex (mask attr)
UiEffects	16	0x10	BoostStamina	hex (mask attr)
UiEffects	32	0x20	Fire	hex (mask attr)
UiEffects	64	0x40	Lightning	hex (mask attr)
UiEffects	128	0x80	Frost	hex (mask attr)
UiEffects	256	0x100	Acid	hex (mask attr)
UiEffects	512	0x200	Bludgeoning	hex (mask attr)
UiEffects	1024	0x400	Slashing	hex (mask attr)
UiEffects	2048	0x800	Piercing	hex (mask attr)
UiEffects	4096	0x1000	Nether	hex (mask attr)
Usable	1	0x1	SourceUnusable	hex (mask attr)
Usable	2	0x2	SourceSelf	hex (mask attr)
Usable	4	0x4	SourceWielded	hex (mask attr)
Usable	8	0x8	SourceContained	hex (mask attr)
Usable	16	0x10	SourceViewed	hex (mask attr)
Usable	32	0x20	SourceRemote	hex (mask attr)
Usable	64	0x40	SourceNoApproach	hex (mask attr)
Usable	128	0x80	SourceObjectSelf	hex (mask attr)
Usable	65536	0x10000	TargetUnusable	hex (mask attr)
Usable	131072	0x20000	TargetSelf	hex (mask attr)
Usable	262144	0x40000	TargetWielded	hex (mask attr)
Usable	524288	0x80000	TargetContained	hex (mask attr)
Usable	1048576	0x100000	TargetViewed	hex (mask attr)
Usable	2097152	0x200000	TargetRemote	hex (mask attr)
Usable	4194304	0x400000	TargetNoApproach	hex (mask attr)
Usable	8388608	0x800000	TargetObjectSelf	hex (mask attr)
VitalId	1	0x1	MaximumHealth	hex
VitalId	3	0x3	MaximumStamina	hex
VitalId	5	0x5	MaximumMana	hex
WeaponHighlightMask	1	0x1	AttackSkill	hex (mask attr)
WeaponHighlightMask	2	0x2	MeleeDefense	hex (mask attr)
WeaponHighlightMask	4	0x4	Speed	hex (mask attr)
WeaponHighlightMask	8	0x8	Damage	hex (mask attr)
WeaponHighlightMask	16	0x10	DamageVariance	hex (mask attr)
WeaponHighlightMask	32	0x20	DamageMod	hex (mask attr)
WeaponType	0	0x0	Undef	dec (unverified)
WeaponType	1	0x1	Unarmed	dec (unverified)
WeaponType	2	0x2	Sword	dec (unverified)
WeaponType	3	0x3	Axe	dec (unverified)
WeaponType	4	0x4	Mace	dec (unverified)
WeaponType	5	0x5	Spear	dec (unverified)
WeaponType	6	0x6	Dagger	dec (unverified)
WeaponType	7	0x7	Staff	dec (unverified)
WeaponType	8	0x8	Bow	dec (unverified)
WeaponType	9	0x9	Crossbow	dec (unverified)
WeaponType	10	0xA	Thrown	dec (unverified)
WeaponType	11	0xB	TwoHanded	dec (unverified)
WeaponType	12	0xC	Magic	dec (unverified)
WeenieError	0	0x0	None	hex
WeenieError	1	0x1	NoMem	hex
WeenieError	2	0x2	BadParam	hex
WeenieError	3	0x3	DivZero	hex
WeenieError	4	0x4	SegV	hex
WeenieError	5	0x5	Unimplemented	hex
WeenieError	6	0x6	UnknownMessageType	hex
WeenieError	7	0x7	NoAnimationTable	hex
WeenieError	8	0x8	NoPhysicsObject	hex
WeenieError	9	0x9	NoBookieObject	hex
WeenieError	10	0xA	NoWslObject	hex
WeenieError	11	0xB	NoMotionInterpreter	hex
WeenieError	12	0xC	UnhandledSwitch	hex
WeenieError	13	0xD	DefaultConstructorCalled	hex
WeenieError	14	0xE	InvalidCombatManeuver	hex
WeenieError	15	0xF	BadCast	hex
WeenieError	16	0x10	MissingQuality	hex
WeenieError	18	0x12	MissingDatabaseObject	hex
WeenieError	19	0x13	NoCallbackSet	hex
WeenieError	20	0x14	CorruptQuality	hex
WeenieError	21	0x15	BadContext	hex
WeenieError	22	0x16	NoEphseqManager	hex
WeenieError	23	0x17	BadMovementEvent	hex
WeenieError	24	0x18	CannotCreateNewObject	hex
WeenieError	25	0x19	NoControllerObject	hex
WeenieError	26	0x1A	CannotSendEvent	hex
WeenieError	27	0x1B	PhysicsCantTransition	hex
WeenieError	28	0x1C	PhysicsMaxDistanceExceeded	hex
WeenieError	29	0x1D	YoureTooBusy	hex
WeenieError	31	0x1F	CannotSendMessage	hex
WeenieError	32	0x20	IllegalInventoryTransaction	hex
WeenieError	33	0x21	ExternalWeenieObject	hex
WeenieError	34	0x22	InternalWeenieObject	hex
WeenieError	35	0x23	MotionFailure	hex
WeenieError	36	0x24	YouCantJumpWhileInTheAir	hex
WeenieError	37	0x25	InqCylSphereFailure	hex
WeenieError	38	0x26	ThatIsNotAValidCommand	hex
WeenieError	39	0x27	CarryingItem	hex
WeenieError	40	0x28	Frozen	hex
WeenieError	41	0x29	Stuck	hex
WeenieError	42	0x2A	YouAreTooEncumbered	hex
WeenieError	44	0x2C	BadContain	hex
WeenieError	45	0x2D	BadParent	hex
WeenieError	46	0x2E	BadDrop	hex
WeenieError	47	0x2F	BadRelease	hex
WeenieError	48	0x30	MsgBadMsg	hex
WeenieError	49	0x31	MsgUnpackFailed	hex
WeenieError	50	0x32	MsgNoMsg	hex
WeenieError	51	0x33	MsgUnderflow	hex
WeenieError	52	0x34	MsgOverflow	hex
WeenieError	53	0x35	MsgCallbackFailed	hex
WeenieError	54	0x36	ActionCancelled	hex
WeenieError	55	0x37	ObjectGone	hex
WeenieError	56	0x38	NoObject	hex
WeenieError	57	0x39	CantGetThere	hex
WeenieError	58	0x3A	Dead	hex
WeenieError	59	0x3B	ILeftTheWorld	hex
WeenieError	60	0x3C	ITeleported	hex
WeenieError	61	0x3D	YouChargedTooFar	hex
WeenieError	62	0x3E	YouAreTooTiredToDoThat	hex
WeenieError	63	0x3F	CantCrouchInCombat	hex
WeenieError	64	0x40	CantSitInCombat	hex
WeenieError	65	0x41	CantLieDownInCombat	hex
WeenieError	66	0x42	CantChatEmoteInCombat	hex
WeenieError	67	0x43	NoMtableData	hex
WeenieError	68	0x44	CantChatEmoteNotStanding	hex
WeenieError	69	0x45	TooManyActions	hex
WeenieError	70	0x46	Hidden	hex
WeenieError	71	0x47	GeneralMovementFailure	hex
WeenieError	72	0x48	YouCantJumpFromThisPosition	hex
WeenieError	73	0x49	CantJumpLoadedDown	hex
WeenieError	74	0x4A	YouKilledYourself	hex
WeenieError	75	0x4B	MsgResponseFailure	hex
WeenieError	76	0x4C	ObjectIsStatic	hex
WeenieError	77	0x4D	InvalidPkStatus	hex
WeenieError	1001	0x3E9	InvalidXpAmount	hex
WeenieError	1002	0x3EA	InvalidPpCalculation	hex
WeenieError	1003	0x3EB	InvalidCpCalculation	hex
WeenieError	1004	0x3EC	UnhandledStatAnswer	hex
WeenieError	1005	0x3ED	HeartAttack	hex
WeenieError	1006	0x3EE	TheContainerIsClosed	hex
WeenieError	1008	0x3F0	InvalidInventoryLocation	hex
WeenieError	1009	0x3F1	ChangeCombatModeFailure	hex
WeenieError	1010	0x3F2	FullInventoryLocation	hex
WeenieError	1011	0x3F3	ConflictingInventoryLocation	hex
WeenieError	1012	0x3F4	ItemNotPending	hex
WeenieError	1013	0x3F5	BeWieldedFailure	hex
WeenieError	1014	0x3F6	BeDroppedFailure	hex
WeenieError	1015	0x3F7	YouAreTooFatiguedToAttack	hex
WeenieError	1016	0x3F8	YouAreOutOfAmmunition	hex
WeenieError	1017	0x3F9	YourAttackMisfired	hex
WeenieError	1018	0x3FA	YouveAttemptedAnImpossibleSpellPath	hex
WeenieError	1019	0x3FB	MagicIncompleteAnimList	hex
WeenieError	1020	0x3FC	MagicInvalidSpellType	hex
WeenieError	1021	0x3FD	MagicInqPositionAndVelocityFailure	hex
WeenieError	1022	0x3FE	YouDontKnowThatSpell	hex
WeenieError	1023	0x3FF	IncorrectTargetType	hex
WeenieError	1024	0x400	YouDontHaveAllTheComponents	hex
WeenieError	1025	0x401	YouDontHaveEnoughManaToCast	hex
WeenieError	1026	0x402	YourSpellFizzled	hex
WeenieError	1027	0x403	YourSpellTargetIsMissing	hex
WeenieError	1028	0x404	YourProjectileSpellMislaunched	hex
WeenieError	1029	0x405	MagicSpellbookAddSpellFailure	hex
WeenieError	1030	0x406	MagicTargetOutOfRange	hex
WeenieError	1031	0x407	YourSpellCannotBeCastOutside	hex
WeenieError	1032	0x408	YourSpellCannotBeCastInside	hex
WeenieError	1033	0x409	MagicGeneralFailure	hex
WeenieError	1034	0x40A	YouAreUnpreparedToCastASpell	hex
WeenieError	1035	0x40B	YouveAlreadySwornAllegiance	hex
WeenieError	1036	0x40C	CantSwearAllegianceInsufficientXp	hex
WeenieError	1037	0x40D	AllegianceIgnoringRequests	hex
WeenieError	1038	0x40E	AllegianceSquelched	hex
WeenieError	1039	0x40F	AllegianceMaxDistanceExceeded	hex
WeenieError	1040	0x410	AllegianceIllegalLevel	hex
WeenieError	1041	0x411	AllegianceBadCreation	hex
WeenieError	1042	0x412	AllegiancePatronBusy	hex
WeenieError	1044	0x414	YouAreNotInAllegiance	hex
WeenieError	1045	0x415	AllegianceRemoveHierarchyFailure	hex
WeenieError	1047	0x417	FellowshipIgnoringRequests	hex
WeenieError	1048	0x418	FellowshipSquelched	hex
WeenieError	1049	0x419	FellowshipMaxDistanceExceeded	hex
WeenieError	1050	0x41A	FellowshipMember	hex
WeenieError	1051	0x41B	FellowshipIllegalLevel	hex
WeenieError	1052	0x41C	FellowshipRecruitBusy	hex
WeenieError	1053	0x41D	YouMustBeLeaderOfFellowship	hex
WeenieError	1054	0x41E	YourFellowshipIsFull	hex
WeenieError	1055	0x41F	FellowshipNameIsNotPermitted	hex
WeenieError	1056	0x420	LevelTooLow	hex
WeenieError	1057	0x421	LevelTooHigh	hex
WeenieError	1058	0x422	ThatChannelDoesntExist	hex
WeenieError	1059	0x423	YouCantUseThatChannel	hex
WeenieError	1060	0x424	YouAreAlreadyOnThatChannel	hex
WeenieError	1061	0x425	YouAreNotOnThatChannel	hex
WeenieError	1062	0x426	AttunedItem	hex
WeenieError	1063	0x427	YouCannotMergeDifferentStacks	hex
WeenieError	1064	0x428	YouCannotMergeEnchantedItems	hex
WeenieError	1065	0x429	YouMustControlAtLeastOneStack	hex
WeenieError	1066	0x42A	CurrentlyAttacking	hex
WeenieError	1067	0x42B	MissileAttackNotOk	hex
WeenieError	1068	0x42C	TargetNotAcquired	hex
WeenieError	1069	0x42D	ImpossibleShot	hex
WeenieError	1070	0x42E	BadWeaponSkill	hex
WeenieError	1071	0x42F	UnwieldFailure	hex
WeenieError	1072	0x430	LaunchFailure	hex
WeenieError	1073	0x431	ReloadFailure	hex
WeenieError	1074	0x432	UnableToMakeCraftReq	hex
WeenieError	1075	0x433	CraftAnimationFailed	hex
WeenieError	1076	0x434	YouCantCraftWithThatNumberOfItems	hex
WeenieError	1077	0x435	CraftGeneralErrorUiMsg	hex
WeenieError	1078	0x436	CraftGeneralErrorNoUiMsg	hex
WeenieError	1079	0x437	YouDoNotPassCraftingRequirements	hex
WeenieError	1080	0x438	YouDoNotHaveAllTheNecessaryItems	hex
WeenieError	1081	0x439	NotAllTheItemsAreAvailable	hex
WeenieError	1082	0x43A	YouMustBeInPeaceModeToTrade	hex
WeenieError	1083	0x43B	YouAreNotTrainedInThatTradeSkill	hex
WeenieError	1084	0x43C	YourHandsMustBeFree	hex
WeenieError	1085	0x43D	YouCannotLinkToThatPortal	hex
WeenieError	1086	0x43E	YouHaveSolvedThisQuestTooRecently	hex
WeenieError	1087	0x43F	YouHaveSolvedThisQuestTooManyTimes	hex
WeenieError	1088	0x440	QuestUnknown	hex
WeenieError	1089	0x441	QuestTableCorrupt	hex
WeenieError	1090	0x442	QuestBad	hex
WeenieError	1091	0x443	QuestDuplicate	hex
WeenieError	1092	0x444	QuestUnsolved	hex
WeenieError	1093	0x445	ItemRequiresQuestToBePickedUp	hex
WeenieError	1094	0x446	QuestSolvedTooLongAgo	hex
WeenieError	1100	0x44C	TradeIgnoringRequests	hex
WeenieError	1101	0x44D	TradeSquelched	hex
WeenieError	1102	0x44E	TradeMaxDistanceExceeded	hex
WeenieError	1103	0x44F	TradeAlreadyTrading	hex
WeenieError	1104	0x450	TradeBusy	hex
WeenieError	1105	0x451	TradeClosed	hex
WeenieError	1106	0x452	TradeExpired	hex
WeenieError	1107	0x453	TradeItemBeingTraded	hex
WeenieError	1108	0x454	TradeNonEmptyContainer	hex
WeenieError	1109	0x455	TradeNonCombatMode	hex
WeenieError	1110	0x456	TradeIncomplete	hex
WeenieError	1111	0x457	TradeStampMismatch	hex
WeenieError	1112	0x458	TradeUnopened	hex
WeenieError	1113	0x459	TradeEmpty	hex
WeenieError	1114	0x45A	TradeAlreadyAccepted	hex
WeenieError	1115	0x45B	TradeOutOfSync	hex
WeenieError	1116	0x45C	PKsMayNotUsePortal	hex
WeenieError	1117	0x45D	NonPKsMayNotUsePortal	hex
WeenieError	1118	0x45E	HouseAbandoned	hex
WeenieError	1119	0x45F	HouseEvicted	hex
WeenieError	1120	0x460	HouseAlreadyOwned	hex
WeenieError	1121	0x461	HouseBuyFailed	hex
WeenieError	1122	0x462	HouseRentFailed	hex
WeenieError	1123	0x463	Hooked	hex
WeenieError	1125	0x465	MagicInvalidPosition	hex
WeenieError	1126	0x466	YouMustHaveDarkMajestyToUsePortal	hex
WeenieError	1127	0x467	InvalidAmmoType	hex
WeenieError	1128	0x468	SkillTooLow	hex
WeenieError	1129	0x469	YouHaveUsedAllTheHooks	hex
WeenieError	1130	0x46A	TradeAiDoesntWant	hex
WeenieError	1131	0x46B	HookHouseNotOwned	hex
WeenieError	1140	0x474	YouMustCompleteQuestToUsePortal	hex
WeenieError	1150	0x47E	HouseNoAllegiance	hex
WeenieError	1151	0x47F	YouMustOwnHouseToUseCommand	hex
WeenieError	1152	0x480	YourMonarchDoesNotOwnAMansionOrVilla	hex
WeenieError	1153	0x481	YourMonarchsHouseIsNotAMansionOrVilla	hex
WeenieError	1154	0x482	YourMonarchHasClosedTheMansion	hex
WeenieError	1162	0x48A	YouMustBeMonarchToPurchaseDwelling	hex
WeenieError	1165	0x48D	AllegianceTimeout	hex
WeenieError	1166	0x48E	YourOfferOfAllegianceWasIgnored	hex
WeenieError	1167	0x48F	ConfirmationInProgress	hex
WeenieError	1168	0x490	YouMustBeAMonarchToUseCommand	hex
WeenieError	1169	0x491	YouMustSpecifyCharacterToBoot	hex
WeenieError	1170	0x492	YouCantBootYourself	hex
WeenieError	1171	0x493	ThatCharacterDoesNotExist	hex
WeenieError	1172	0x494	ThatPersonIsNotInYourAllegiance	hex
WeenieError	1173	0x495	CantBreakFromPatronNotInAllegiance	hex
WeenieError	1174	0x496	YourAllegianceHasBeenDissolved	hex
WeenieError	1175	0x497	YourPatronsAllegianceHasBeenBroken	hex
WeenieError	1176	0x498	YouHaveMovedTooFar	hex
WeenieError	1177	0x499	TeleToInvalidPosition	hex
WeenieError	1178	0x49A	MustHaveDarkMajestyToUse	hex
WeenieError	1179	0x49B	YouFailToLinkWithLifestone	hex
WeenieError	1180	0x49C	YouWanderedTooFarToLinkWithLifestone	hex
WeenieError	1181	0x49D	YouSuccessfullyLinkWithLifestone	hex
WeenieError	1182	0x49E	YouMustLinkToLifestoneToRecall	hex
WeenieError	1183	0x49F	YouFailToRecallToLifestone	hex
WeenieError	1184	0x4A0	YouFailToLinkWithPortal	hex
WeenieError	1185	0x4A1	YouSuccessfullyLinkWithPortal	hex
WeenieError	1186	0x4A2	YouFailToRecallToPortal	hex
WeenieError	1187	0x4A3	YouMustLinkToPortalToRecall	hex
WeenieError	1188	0x4A4	YouFailToSummonPortal	hex
WeenieError	1189	0x4A5	YouMustLinkToPortalToSummonIt	hex
WeenieError	1190	0x4A6	YouFailToTeleport	hex
WeenieError	1191	0x4A7	YouHaveBeenTeleportedTooRecently	hex
WeenieError	1192	0x4A8	YouMustBeAnAdvocateToUsePortal	hex
WeenieError	1193	0x4A9	PortalAisNotAllowed	hex
WeenieError	1194	0x4AA	PlayersMayNotUsePortal	hex
WeenieError	1195	0x4AB	YouAreNotPowerfulEnoughToUsePortal	hex
WeenieError	1196	0x4AC	YouAreTooPowerfulToUsePortal	hex
WeenieError	1197	0x4AD	YouCannotRecallPortal	hex
WeenieError	1198	0x4AE	YouCannotSummonPortal	hex
WeenieError	1199	0x4AF	LockAlreadyUnlocked	hex
WeenieError	1200	0x4B0	YouCannotLockOrUnlockThat	hex
WeenieError	1201	0x4B1	YouCannotLockWhatIsOpen	hex
WeenieError	1202	0x4B2	KeyDoesntFitThisLock	hex
WeenieError	1203	0x4B3	LockUsedTooRecently	hex
WeenieError	1204	0x4B4	YouArentTrainedInLockpicking	hex
WeenieError	1205	0x4B5	AllegianceInfoEmptyName	hex
WeenieError	1206	0x4B6	AllegianceInfoSelf	hex
WeenieError	1207	0x4B7	AllegianceInfoTooRecent	hex
WeenieError	1208	0x4B8	AbuseNoSuchCharacter	hex
WeenieError	1209	0x4B9	AbuseReportedSelf	hex
WeenieError	1210	0x4BA	AbuseComplaintHandled	hex
WeenieError	1213	0x4BD	YouDoNotOwnThatSalvageTool	hex
WeenieError	1214	0x4BE	YouDoNotOwnThatItem	hex
WeenieError	1217	0x4C1	MaterialCannotBeCreated	hex
WeenieError	1218	0x4C2	ItemsAttemptingToSalvageIsInvalid	hex
WeenieError	1219	0x4C3	YouCannotSalvageItemsInTrading	hex
WeenieError	1220	0x4C4	YouMustBeHouseGuestToUsePortal	hex
WeenieError	1221	0x4C5	YourAllegianceRankIsTooLowToUseMagic	hex
WeenieError	1223	0x4C7	YourArcaneLoreIsTooLowToUseMagic	hex
WeenieError	1224	0x4C8	ItemDoesntHaveEnoughMana	hex
WeenieError	1228	0x4CC	YouHaveBeenInPKBattleTooRecently	hex
WeenieError	1229	0x4CD	TradeAiRefuseEmote	hex
WeenieError	1232	0x4D0	YouFailToAlterSkill	hex
WeenieError	1243	0x4DB	FellowshipDeclined	hex
WeenieError	1244	0x4DC	FellowshipTimeout	hex
WeenieError	1245	0x4DD	YouHaveFailedToAlterAttributes	hex
WeenieError	1248	0x4E0	CannotTransferAttributesWhileWieldingItem	hex
WeenieError	1249	0x4E1	YouHaveSucceededTransferringAttributes	hex
WeenieError	1250	0x4E2	HookIsDuplicated	hex
WeenieError	1251	0x4E3	ItemIsWrongTypeForHook	hex
WeenieError	1252	0x4E4	HousingChestIsDuplicated	hex
WeenieError	1253	0x4E5	HookWillBeDeleted	hex
WeenieError	1254	0x4E6	HousingChestWillBeDeleted	hex
WeenieError	1255	0x4E7	CannotSwearAllegianceWhileOwningMansion	hex
WeenieError	1259	0x4EB	YouCantDoThatWhileInTheAir	hex
WeenieError	1260	0x4EC	CannotChangePKStatusWhileRecovering	hex
WeenieError	1261	0x4ED	AdvocatesCannotChangePKStatus	hex
WeenieError	1262	0x4EE	LevelTooLowToChangePKStatusWithObject	hex
WeenieError	1263	0x4EF	LevelTooHighToChangePKStatusWithObject	hex
WeenieError	1264	0x4F0	YouFeelAHarshDissonance	hex
WeenieError	1265	0x4F1	YouArePKAgain	hex
WeenieError	1266	0x4F2	YouAreTemporarilyNoLongerPK	hex
WeenieError	1267	0x4F3	PKLiteMayNotUsePortal	hex
WeenieError	1276	0x4FC	YouArentTrainedInHealing	hex
WeenieError	1277	0x4FD	YouDontOwnThatHealingKit	hex
WeenieError	1278	0x4FE	YouCantHealThat	hex
WeenieError	1280	0x500	YouArentReadyToHeal	hex
WeenieError	1281	0x501	YouCanOnlyHealPlayers	hex
WeenieError	1282	0x502	LifestoneMagicProtectsYou	hex
WeenieError	1283	0x503	PortalEnergyProtectsYou	hex
WeenieError	1284	0x504	YouAreNonPKAgain	hex
WeenieError	1285	0x505	YoureTooCloseToYourSanctuary	hex
WeenieError	1286	0x506	CantDoThatTradeInProgress	hex
WeenieError	1287	0x507	OnlyNonPKsMayEnterPKLite	hex
WeenieError	1288	0x508	YouAreNowPKLite	hex
WeenieError	1295	0x50F	YouDoNotBelongToAFellowship	hex
WeenieError	1297	0x511	UsingMaxHooksSilent	hex
WeenieError	1298	0x512	YouAreNowUsingMaxHooks	hex
WeenieError	1299	0x513	YouAreNoLongerUsingMaxHooks	hex
WeenieError	1302	0x516	YouAreNotPermittedToUseThatHook	hex
WeenieError	1305	0x519	LockedFellowshipCannotRecruitYou	hex
WeenieError	1306	0x51A	ActivationNotAllowedNotOwner	hex
WeenieError	1309	0x51D	TurbineChatIsEnabled	hex
WeenieError	1312	0x520	YouCannotAddPeopleToHearList	hex
WeenieError	1315	0x523	YouAreNowDeafTo_Screams	hex
WeenieError	1316	0x524	YouCanHearAllPlayersOnceAgain	hex
WeenieError	1318	0x526	YouChickenOut	hex
WeenieError	1319	0x527	YouCanPossiblySucceed	hex
WeenieError	1320	0x528	FellowshipIsLocked	hex
WeenieError	1321	0x529	TradeComplete	hex
WeenieError	1322	0x52A	NotASalvageTool	hex
WeenieError	1323	0x52B	CharacterNotAvailable	hex
WeenieError	1330	0x532	YouMustWaitToPurchaseHouse	hex
WeenieError	1333	0x535	YouDoNotHaveAuthorityInAllegiance	hex
WeenieError	1344	0x540	YouHaveMaxAccountsBanned	hex
WeenieError	1349	0x545	YouHaveMaxAllegianceOfficers	hex
WeenieError	1350	0x546	YourAllegianceOfficersHaveBeenCleared	hex
WeenieError	1352	0x548	YouCannotJoinChannelsWhileGagged	hex
WeenieError	1354	0x54A	YouAreNoLongerAllegianceOfficer	hex
WeenieError	1356	0x54C	YourAllegianceDoesNotHaveHometown	hex
WeenieError	1358	0x54E	HookItemNotUsable_CannotOpen	hex
WeenieError	1359	0x54F	HookItemNotUsable_CanOpen	hex
WeenieError	1360	0x550	MissileOutOfRange	hex
WeenieError	1362	0x552	MustPurchaseThroneOfDestinyToUseFunction	hex
WeenieError	1363	0x553	MustPurchaseThroneOfDestinyToUseItem	hex
WeenieError	1364	0x554	MustPurchaseThroneOfDestinyToUsePortal	hex
WeenieError	1365	0x555	MustPurchaseThroneOfDestinyToAccessQuest	hex
WeenieError	1366	0x556	YouFailedToCompleteAugmentation	hex
WeenieError	1367	0x557	AugmentationUsedTooManyTimes	hex
WeenieError	1368	0x558	AugmentationTypeUsedTooManyTimes	hex
WeenieError	1369	0x559	AugmentationNotEnoughExperience	hex
WeenieError	1373	0x55D	ExitTrainingAcademyToUseCommand	hex
WeenieError	1375	0x55F	OnlyPKsMayUseCommand	hex
WeenieError	1376	0x560	OnlyPKLiteMayUseCommand	hex
WeenieError	1377	0x561	MaxFriendsExceeded	hex
WeenieError	1379	0x563	ThatCharacterNotOnYourFriendsList	hex
WeenieError	1380	0x564	OnlyHouseOwnerCanUseCommand	hex
WeenieError	1381	0x565	InvalidAllegianceNameCantBeEmpty	hex
WeenieError	1382	0x566	InvalidAllegianceNameTooLong	hex
WeenieError	1383	0x567	InvalidAllegianceNameBadCharacters	hex
WeenieError	1384	0x568	InvalidAllegianceNameInappropriate	hex
WeenieError	1385	0x569	InvalidAllegianceNameAlreadyInUse	hex
WeenieError	1387	0x56B	AllegianceNameCleared	hex
WeenieError	1388	0x56C	InvalidAllegianceNameSameName	hex
WeenieError	1391	0x56F	InvalidOfficerLevel	hex
WeenieError	1392	0x570	AllegianceOfficerTitleIsNotAppropriate	hex
WeenieError	1393	0x571	AllegianceNameIsTooLong	hex
WeenieError	1394	0x572	AllegianceOfficerTitlesCleared	hex
WeenieError	1395	0x573	AllegianceTitleHasIllegalChars	hex
WeenieError	1401	0x579	YouHaveNotPreApprovedVassals	hex
WeenieError	1404	0x57C	YouHaveClearedPreApprovedVassal	hex
WeenieError	1405	0x57D	CharIsAlreadyGagged	hex
WeenieError	1406	0x57E	CharIsNotCurrentlyGagged	hex
WeenieError	1409	0x581	YourAllegianceChatPrivilegesRestored	hex
WeenieError	1412	0x584	TooManyUniqueItems	hex
WeenieError	1413	0x585	HeritageRequiresSpecificArmor	hex
WeenieError	1414	0x586	ArmorRequiresSpecificHeritage	hex
WeenieError	1415	0x587	OlthoiCannotInteractWithThat	hex
WeenieError	1416	0x588	OlthoiCannotUseLifestones	hex
WeenieError	1417	0x589	OlthoiVendorLooksInHorror	hex
WeenieError	1419	0x58B	OlthoiCannotJoinFellowship	hex
WeenieError	1420	0x58C	OlthoiCannotJoinAllegiance	hex
WeenieError	1421	0x58D	YouCannotUseThatItem	hex
WeenieError	1422	0x58E	ThisPersonWillNotInteractWithYou	hex
WeenieError	1423	0x58F	OnlyOlthoiMayUsePortal	hex
WeenieError	1424	0x590	OlthoiMayNotUsePortal	hex
WeenieError	1425	0x591	YouMayNotUsePortalWithVitae	hex
WeenieError	1426	0x592	YouMustBeTwoWeeksOldToUsePortal	hex
WeenieError	1427	0x593	OlthoiCanOnlyRecallToLifestone	hex
WeenieError	1428	0x594	ContractError	hex
WeenieErrorWithString	30	0x1E	IsTooBusyToAcceptGifts	hex
WeenieErrorWithString	43	0x2B	CannotCarryAnymore	hex
WeenieErrorWithString	78	0x4E	YouFailToAffect_YouCannotAffectAnyone	hex
WeenieErrorWithString	79	0x4F	YouFailToAffect_TheyCannotBeHarmed	hex
WeenieErrorWithString	80	0x50	YouFailToAffect_WithBeneficialSpells	hex
WeenieErrorWithString	81	0x51	YouFailToAffect_YouAreNotPK	hex
WeenieErrorWithString	82	0x52	YouFailToAffect_TheyAreNotPK	hex
WeenieErrorWithString	83	0x53	YouFailToAffect_NotSamePKType	hex
WeenieErrorWithString	84	0x54	YouFailToAffect_AcrossHouseBoundary	hex
WeenieErrorWithString	1007	0x3EF	IsNotAcceptingGiftsRightNow	hex
WeenieErrorWithString	1043	0x413	IsAlreadyOneOfYourFollowers	hex
WeenieErrorWithString	1046	0x416	CannotHaveAnyMoreVassals	hex
WeenieErrorWithString	1130	0x46A	DoesntKnowWhatToDoWithThat	hex
WeenieErrorWithString	1160	0x488	YouMustBeAboveLevel_ToBuyHouse	hex
WeenieErrorWithString	1161	0x489	YouMustBeAtOrBelowLevel_ToBuyHouse	hex
WeenieErrorWithString	1163	0x48B	YouMustBeAboveAllegianceRank_ToBuyHouse	hex
WeenieErrorWithString	1164	0x48C	YouMustBeAtOrBelowAllegianceRank_ToBuyHouse	hex
WeenieErrorWithString	1215	0x4BF	The_WasNotSuitableForSalvaging	hex
WeenieErrorWithString	1216	0x4C0	The_ContainseTheWrongMaterial	hex
WeenieErrorWithString	1222	0x4C6	YouMustBe_ToUseItemMagic	hex
WeenieErrorWithString	1225	0x4C9	Your_IsTooLowToUseItemMagic	hex
WeenieErrorWithString	1226	0x4CA	Only_MayUseItemMagic	hex
WeenieErrorWithString	1227	0x4CB	YouMustSpecialize_ToUseItemMagic	hex
WeenieErrorWithString	1230	0x4CE	AiRefuseItemDuringEmote	hex
WeenieErrorWithString	1231	0x4CF	CannotAcceptStackedItems	hex
WeenieErrorWithString	1233	0x4D1	Your_SkillMustBeTrained	hex
WeenieErrorWithString	1234	0x4D2	NotEnoughSkillCreditsToSpecialize	hex
WeenieErrorWithString	1235	0x4D3	TooMuchXPToRecoverFromSkill	hex
WeenieErrorWithString	1236	0x4D4	Your_SkillIsAlreadyUntrained	hex
WeenieErrorWithString	1237	0x4D5	CannotLowerSkillWhileWieldingItem	hex
WeenieErrorWithString	1238	0x4D6	YouHaveSucceededSpecializing_Skill	hex
WeenieErrorWithString	1239	0x4D7	YouHaveSucceededUnspecializing_Skill	hex
WeenieErrorWithString	1240	0x4D8	YouHaveSucceededUntraining_Skill	hex
WeenieErrorWithString	1241	0x4D9	CannotUntrain_SkillButRecoveredXP	hex
WeenieErrorWithString	1242	0x4DA	TooManyCreditsInSpecializedSkills	hex
WeenieErrorWithString	1246	0x4DE	AttributeTransferFromTooLow	hex
WeenieErrorWithString	1247	0x4DF	AttributeTransferToTooHigh	hex
WeenieErrorWithString	1256	0x4E8	ItemUnusableOnHook_CannotOpen	hex
WeenieErrorWithString	1257	0x4E9	ItemUnusableOnHook_CanOpen	hex
WeenieErrorWithString	1258	0x4EA	ItemOnlyUsableOnHook	hex
WeenieErrorWithString	1268	0x4F4	FailsToAffectYou_TheyCannotAffectAnyone	hex
WeenieErrorWithString	1269	0x4F5	FailsToAffectYou_YouCannotBeHarmed	hex
WeenieErrorWithString	1270	0x4F6	FailsToAffectYou_TheyAreNotPK	hex
WeenieErrorWithString	1271	0x4F7	FailsToAffectYou_YouAreNotPK	hex
WeenieErrorWithString	1272	0x4F8	FailsToAffectYou_NotSamePKType	hex
WeenieErrorWithString	1273	0x4F9	FailsToAffectYouAcrossHouseBoundary	hex
WeenieErrorWithString	1274	0x4FA	IsAnInvalidTarget	hex
WeenieErrorWithString	1275	0x4FB	YouAreInvalidTargetForSpellOf_	hex
WeenieErrorWithString	1279	0x4FF	IsAtFullHealth	hex
WeenieErrorWithString	1289	0x509	HasNoSpellTargets	hex
WeenieErrorWithString	1290	0x50A	YouHaveNoTargetsForSpellOf_	hex
WeenieErrorWithString	1291	0x50B	IsNowOpenFellowship	hex
WeenieErrorWithString	1292	0x50C	IsNowClosedFellowship	hex
WeenieErrorWithString	1293	0x50D	IsNowLeaderOfFellowship	hex
WeenieErrorWithString	1294	0x50E	YouHavePassedFellowshipLeadershipTo_	hex
WeenieErrorWithString	1296	0x510	MaxNumberOf_Hooked	hex
WeenieErrorWithString	1300	0x514	MaxNumberOf_HookedUntilOneIsRemoved	hex
WeenieErrorWithString	1301	0x515	NoLongerMaxNumberOf_Hooked	hex
WeenieErrorWithString	1303	0x517	IsNotCloseEnoughToYourLevel	hex
WeenieErrorWithString	1304	0x518	LockedFellowshipCannotRecruit_	hex
WeenieErrorWithString	1307	0x51B	YouHaveEnteredThe_Channel	hex
WeenieErrorWithString	1308	0x51C	YouHaveLeftThe_Channel	hex
WeenieErrorWithString	1310	0x51E	WillNotReceiveMessage	hex
WeenieErrorWithString	1311	0x51F	MessageBlocked_	hex
WeenieErrorWithString	1313	0x521	HasBeenAddedToHearList	hex
WeenieErrorWithString	1314	0x522	HasBeenRemovedFromHearList	hex
WeenieErrorWithString	1317	0x525	FailToRemove_FromLoudList	hex
WeenieErrorWithString	1320	0x528	YouCannotOpenLockedFellowship	hex
WeenieErrorWithString	1324	0x52C	YouAreNowSnoopingOn_	hex
WeenieErrorWithString	1325	0x52D	YouAreNoLongerSnoopingOn_	hex
WeenieErrorWithString	1326	0x52E	YouFailToSnoopOn_	hex
WeenieErrorWithString	1327	0x52F	AttemptedToSnoopOnYou	hex
WeenieErrorWithString	1328	0x530	IsAlreadyBeingSnoopedOn	hex
WeenieErrorWithString	1329	0x531	IsInLimbo	hex
WeenieErrorWithString	1331	0x533	YouHaveBeenBootedFromAllegianceChat	hex
WeenieErrorWithString	1332	0x534	HasBeenBootedFromAllegianceChat	hex
WeenieErrorWithString	1334	0x536	AccountOf_IsAlreadyBannedFromAllegiance	hex
WeenieErrorWithString	1335	0x537	AccountOf_IsNotBannedFromAllegiance	hex
WeenieErrorWithString	1336	0x538	AccountOf_WasNotUnbannedFromAllegiance	hex
WeenieErrorWithString	1337	0x539	AccountOf_IsBannedFromAllegiance	hex
WeenieErrorWithString	1338	0x53A	AccountOf_IsUnbannedFromAllegiance	hex
WeenieErrorWithString	1339	0x53B	ListOfBannedCharacters	hex
WeenieErrorWithString	1342	0x53E	IsBannedFromAllegiance	hex
WeenieErrorWithString	1343	0x53F	YouAreBannedFromAllegiance	hex
WeenieErrorWithString	1345	0x541	IsNowAllegianceOfficer	hex
WeenieErrorWithString	1346	0x542	ErrorSetting_AsAllegianceOfficer	hex
WeenieErrorWithString	1347	0x543	IsNoLongerAllegianceOfficer	hex
WeenieErrorWithString	1348	0x544	ErrorRemoving_AsAllegianceOFficer	hex
WeenieErrorWithString	1351	0x547	YouMustWait_BeforeCommunicating	hex
WeenieErrorWithString	1353	0x549	YourAllegianceOfficerStatusChanged	hex
WeenieErrorWithString	1355	0x54B	IsAlreadyAllegianceOfficerOfThatLevel	hex
WeenieErrorWithString	1357	0x54D	The_IsCurrentlyInUse	hex
WeenieErrorWithString	1361	0x551	YouAreNotListeningTo_Channel	hex
WeenieErrorWithString	1370	0x55A	AugmentationSkillNotTrained	hex
WeenieErrorWithString	1371	0x55B	YouSuccededAcquiringAugmentation	hex
WeenieErrorWithString	1372	0x55C	YouSucceededRecoveringXPFromSkill_AugmentationNotUntrainable	hex
WeenieErrorWithString	1374	0x55E	AFK	hex
WeenieErrorWithString	1378	0x562	IsAlreadyOnYourFriendsList	hex
WeenieErrorWithString	1386	0x56A	YouMayOnlyChangeAllegianceNameOnceEvery24Hours	hex
WeenieErrorWithString	1389	0x56D	IsTheMonarchAndCannotBePromotedOrDemoted	hex
WeenieErrorWithString	1390	0x56E	ThatLevelOfAllegianceOfficerIsNowKnownAs_	hex
WeenieErrorWithString	1396	0x574	YourAllegianceIsCurrently_	hex
WeenieErrorWithString	1397	0x575	YourAllegianceIsNow_	hex
WeenieErrorWithString	1398	0x576	YouCannotAcceptAllegiance_YourAllegianceIsLocked	hex
WeenieErrorWithString	1399	0x577	YouCannotSwearAllegiance_AllegianceOf_IsLocked	hex
WeenieErrorWithString	1400	0x578	YouHavePreApproved_ToJoinAllegiance	hex
WeenieErrorWithString	1402	0x57A	IsAlreadyMemberOfYourAllegiance	hex
WeenieErrorWithString	1403	0x57B	HasBeenPreApprovedToJoinYourAllegiance	hex
WeenieErrorWithString	1407	0x57F	YourAllegianceChatPrivilegesRemoved	hex
WeenieErrorWithString	1408	0x580	IsTemporarilyGaggedInAllegianceChat	hex
WeenieErrorWithString	1410	0x582	YourAllegianceChatPrivilegesRestoredBy_	hex
WeenieErrorWithString	1411	0x583	YouRestoreAllegianceChatPrivilegesTo_	hex
WeenieErrorWithString	1418	0x58A	CowersFromYou	hex
WeenieType	0	0x0	Undef	dec
WeenieType	1	0x1	Generic	dec
WeenieType	2	0x2	Clothing	dec
WeenieType	3	0x3	MissileLauncher	dec
WeenieType	4	0x4	Missile	dec
WeenieType	5	0x5	Ammunition	dec
WeenieType	6	0x6	MeleeWeapon	dec
WeenieType	7	0x7	Portal	dec
WeenieType	8	0x8	Book	dec
WeenieType	9	0x9	Coin	dec
WeenieType	10	0xA	Creature	dec
WeenieType	11	0xB	Admin	dec
WeenieType	12	0xC	Vendor	dec
WeenieType	13	0xD	HotSpot	dec
WeenieType	14	0xE	Corpse	dec
WeenieType	15	0xF	Cow	dec
WeenieType	16	0x10	AI	dec
WeenieType	17	0x11	Machine	dec
WeenieType	18	0x12	Food	dec
WeenieType	19	0x13	Door	dec
WeenieType	20	0x14	Chest	dec
WeenieType	21	0x15	Container	dec
WeenieType	22	0x16	Key	dec
WeenieType	23	0x17	Lockpick	dec
WeenieType	24	0x18	PressurePlate	dec
WeenieType	25	0x19	LifeStone	dec
WeenieType	26	0x1A	Switch	dec
WeenieType	27	0x1B	PKModifier	dec
WeenieType	28	0x1C	Healer	dec
WeenieType	29	0x1D	LightSource	dec
WeenieType	30	0x1E	Allegiance	dec
WeenieType	31	0x1F	UNKNOWN__GUESSEDNAME32	dec
WeenieType	32	0x20	SpellComponent	dec
WeenieType	33	0x21	ProjectileSpell	dec
WeenieType	34	0x22	Scroll	dec
WeenieType	35	0x23	Caster	dec
WeenieType	36	0x24	Channel	dec
WeenieType	37	0x25	ManaStone	dec
WeenieType	38	0x26	Gem	dec
WeenieType	39	0x27	AdvocateFane	dec
WeenieType	40	0x28	AdvocateItem	dec
WeenieType	41	0x29	Sentinel	dec
WeenieType	42	0x2A	GSpellEconomy	dec
WeenieType	43	0x2B	LSpellEconomy	dec
WeenieType	44	0x2C	CraftTool	dec
WeenieType	45	0x2D	LScoreKeeper	dec
WeenieType	46	0x2E	GScoreKeeper	dec
WeenieType	47	0x2F	GScoreGatherer	dec
WeenieType	48	0x30	ScoreBook	dec
WeenieType	49	0x31	EventCoordinator	dec
WeenieType	50	0x32	Entity	dec
WeenieType	51	0x33	Stackable	dec
WeenieType	52	0x34	HUD	dec
WeenieType	53	0x35	House	dec
WeenieType	54	0x36	Deed	dec
WeenieType	55	0x37	SlumLord	dec
WeenieType	56	0x38	Hook	dec
WeenieType	57	0x39	Storage	dec
WeenieType	58	0x3A	BootSpot	dec
WeenieType	59	0x3B	HousePortal	dec
WeenieType	60	0x3C	Game	dec
WeenieType	61	0x3D	GamePiece	dec
WeenieType	62	0x3E	SkillAlterationDevice	dec
WeenieType	63	0x3F	AttributeTransferDevice	dec
WeenieType	64	0x40	Hooker	dec
WeenieType	65	0x41	AllegianceBindstone	dec
WeenieType	66	0x42	InGameStatKeeper	dec
WeenieType	67	0x43	AugmentationDevice	dec
WeenieType	68	0x44	SocialManager	dec
WeenieType	69	0x45	Pet	dec
WeenieType	70	0x46	PetDevice	dec
WeenieType	71	0x47	CombatPet	dec
WieldRequirement	0	0x0	Undef	dec (unverified)
WieldRequirement	1	0x1	Skill	dec (unverified)
WieldRequirement	2	0x2	RawSkill	dec (unverified)
WieldRequirement	3	0x3	Attrib	dec (unverified)
WieldRequirement	4	0x4	RawAttrib	dec (unverified)
WieldRequirement	5	0x5	SecondaryAttrib	dec (unverified)
WieldRequirement	6	0x6	RawSecondaryAttrib	dec (unverified)
WieldRequirement	7	0x7	Level	dec (unverified)
WieldRequirement	8	0x8	Training	dec (unverified)
WieldRequirement	9	0x9	IntStat	dec (unverified)
WieldRequirement	10	0xA	BoolStat	dec (unverified)
WieldRequirement	11	0xB	CreatureType	dec (unverified)
WieldRequirement	12	0xC	HeritageType	dec (unverified)
WieldType	0	0x0	Invalid	hex
WieldType	1	0x1	MeleeWeapon	hex
WieldType	2	0x2	Armor	hex
WieldType	4	0x4	Clothing	hex
WieldType	8	0x8	Jewelry	hex
